t,n_alive,new_deaths,cum_deaths,pregnancy.pregnancies,pregnancy.births,pregnancy.cbr,deaths.new,deaths.cumulative,deaths.cmr,hiv.n_on_art,hiv.n_susceptible,hiv.n_infected,hiv.prevalence,hiv.new_infections,hiv.cum_infections,hiv.new_deaths,hiv.Agent10_cd4,hiv.Agent10_V_level,hiv.Agent11_cd4,hiv.Agent11_V_level
1990.0,9981997.0999,0.0,0.0,998.0999,0.0,0.0,0.0,0.0,0.0,0.0,8991881.9991,990115.1008,0.09919008099190081,990115.1008,990115.1008,0,500,0,420,0
1990.0027397260274,9981997.0999,0.0,0.0,0.0,0.0,0.0,0.0,0.0,0.0,0.0,8991881.9991,990115.1008,0.09919008099190081,0.0,990115.1008,0,500,0,356,0
1990.0054794520547,9981997.0999,998.0999,0.0,998.0999,0.0,0.0,998.0999,998.0999,9.999000099990002e-05,0.0,8992880.099000001,989117.0009000001,0.09909009099090091,0.0,990115.1008,0,500,0,304,0
1990.008219178082,9981997.0999,0.0,998.0999,0.0,0.0,0.0,0.0,998.0999,0.0,0.0,8992880.099000001,989117.0009000001,0.09909009099090091,0.0,990115.1008,0,500,0,263,0
1990.0109589041094,9982995.1998,0.0,998.0999,998.0999,0.0,0.0,0.0,998.0999,0.0,0.0,8993878.198900001,989117.0009000001,0.09908018396320736,0.0,990115.1008,0,500,0,231,0
1990.0136986301368,9982995.1998,0.0,998.0999,0.0,0.0,0.0,0.0,998.0999,0.0,0.0,8993878.198900001,989117.0009000001,0.09908018396320736,0.0,990115.1008,0,500,0,204,0
1990.0164383561641,9982995.1998,0.0,998.0999,0.0,0.0,0.0,0.0,998.0999,0.0,0.0,8993878.198900001,989117.0009000001,0.09908018396320736,0.0,990115.1008,0,500,0,183,0
1990.0191780821915,9982995.1998,0.0,998.0999,0.0,0.0,0.0,0.0,998.0999,0.0,0.0,8993878.198900001,989117.0009000001,0.09908018396320736,0.0,990115.1008,0,500,0,167,0
1990.0219178082189,9981997.0999,998.0999,998.0999,0.0,0.0,0.0,998.0999,1996.1998,9.999000099990002e-05,0.0,8992880.099000001,989117.0009000001,0.09909009099090091,0.0,990115.1008,0,500,0,153,0
1990.0246575342462,9982995.1998,998.0999,1996.1998,1996.1998,0.0,0.0,998.0999,2994.2997,9.998000399920017e-05,0.0,8993878.198900001,989117.0009000001,0.09908018396320736,0.0,990115.1008,0,500,0,142,0
1990.0273972602736,9982995.1998,998.0999,2994.2997,998.0999,0.0,0.0,998.0999,3992.3996,9.998000399920017e-05,0.0,8993878.198900001,989117.0009000001,0.09908018396320736,0.0,990115.1008,0,500,0,134,0
1990.030136986301,9983993.299700001,0.0,3992.3996,998.0999,0.0,0.0,0.0,3992.3996,0.0,0.0,8994876.2988,989117.0009000001,0.0990702789163251,0.0,990115.1008,0,500,0,127,0
1990.0328767123283,9984991.399600001,0.0,3992.3996,998.0999,0.0,0.0,0.0,3992.3996,0.0,0.0,8995874.3987,989117.0009000001,0.09906037584966014,0.0,990115.1008,0,500,0,121,0
1990.0356164383556,9983993.299700001,998.0999,3992.3996,0.0,0.0,0.0,998.0999,4990.4995,9.99700089973008e-05,0.0,8994876.2988,989117.0009000001,0.0990702789163251,0.0,990115.1008,0,500,0,117,0
1990.038356164383,9984991.399600001,0.0,4990.4995,998.0999,0.0,0.0,0.0,4990.4995,0.0,0.0,8995874.3987,989117.0009000001,0.09906037584966014,0.0,990115.1008,0,500,0,114,0
1990.0410958904104,9987985.6993,0.0,4990.4995,2994.2997,0.0,0.0,0.0,4990.4995,0.0,0.0,8998868.6984,989117.0009000001,0.09903067852503247,0.0,990115.1008,0,500,0,111,0
1990.0438356164377,9989981.8991,0.0,4990.4995,1996.1998,0.0,0.0,0.0,4990.4995,0.0,0.0,9000864.8982,989117.0009000001,0.09901089019882106,0.0,990115.1008,0,500,0,109,0
1990.046575342465,9989981.8991,0.0,4990.4995,0.0,0.0,0.0,0.0,4990.4995,0.0,0.0,9000864.8982,989117.0009000001,0.09901089019882106,0.0,990115.1008,0,500,0,107,0
1990.0493150684924,9988983.7992,998.0999,4990.4995,0.0,0.0,0.0,998.0999,5988.5994,9.992006394884092e-05,0.0,8999866.7983,989117.0009000001,0.09902078337330136,0.0,990115.1008,0,500,0,105,0
1990.0520547945198,9990979.999,0.0,5988.5994,1996.1998,0.0,0.0,0.0,5988.5994,0.0,0.0,9001862.9981,989117.0009000001,0.099000999000999,0.0,990115.1008,0,500,0,104,0
1990.0547945205471,9990979.999,0.0,5988.5994,0.0,0.0,0.0,0.0,5988.5994,0.0,0.0,9001862.9981,989117.0009000001,0.099000999000999,0.0,990115.1008,0,500,0,103,0
1990.0575342465745,9990979.999,0.0,5988.5994,0.0,0.0,0.0,0.0,5988.5994,0.0,0.0,9001862.9981,989117.0009000001,0.099000999000999,0.0,990115.1008,0,500,0,102,0
1990.0602739726019,9991978.0989,0.0,5988.5994,998.0999,0.0,0.0,0.0,5988.5994,0.0,0.0,9002861.098000001,989117.0009000001,0.09899110977924283,0.0,990115.1008,0,500,0,102,0
1990.0630136986292,9993974.298700001,0.0,5988.5994,1996.1998,0.0,0.0,0.0,5988.5994,0.0,0.0,9004857.2978,989117.0009000001,0.09897133726155997,0.0,990115.1008,0,500,0,101,0
1990.0657534246566,9997966.6983,0.0,5988.5994,3992.3996,0.0,0.0,0.0,5988.5994,0.0,0.0,9008849.6974,989117.0009000001,0.09893181591294799,0.0,990115.1008,0,500,0,101,0
1990.068493150684,9999962.8981,0.0,5988.5994,1996.1998,0.0,0.0,0.0,5988.5994,0.0,0.0,9010845.8972,989117.0009000001,0.09891206707256213,0.0,990115.1008,0,500,0,101,0
1990.0712328767113,10001959.097900001,0.0,5988.5994,1996.1998,0.0,0.0,0.0,5988.5994,0.0,0.0,9012842.097000001,989117.0009000001,0.09889232611515816,0.0,990115.1008,0,500,0,100,0
1990.0739726027386,10002957.197800001,998.0999,5988.5994,1996.1998,0.0,0.0,998.0999,6986.6993,9.978048293753741e-05,0.0,9013840.1969,989117.0009000001,0.09888245859109958,0.0,990115.1008,0,500,0,100,0
1990.076712328766,10005951.4975,0.0,6986.6993,2994.2997,0.0,0.0,0.0,6986.6993,0.0,0.0,9016834.4966,989117.0009000001,0.09885286783042393,0.0,990115.1008,0,500,0,100,0
1990.0794520547934,10006949.5974,0.0,6986.6993,998.0999,0.0,0.0,0.0,6986.6993,0.0,0.0,9017832.5965,989117.0009000001,0.09884300817873529,0.0,990115.1008,0,500,0,100,0
1990.0821917808207,10008945.7972,0.0,6986.6993,1996.1998,0.0,0.0,0.0,6986.6993,0.0,0.0,9019828.7963,989117.0009000001,0.09882329477463103,0.0,990115.1008,0,500,0,100,0
1990.084931506848,10011940.096900001,0.0,6986.6993,2994.2997,0.0,0.0,0.0,6986.6993,0.0,0.0,9022823.096,989117.0009000001,0.09879373940783572,0.0,990115.1008,0,500,0,100,0
1990.0876712328754,10014934.3966,0.0,6986.6993,2994.2997,0.0,0.0,0.0,6986.6993,0.0,0.0,9025817.3957,989117.0009000001,0.09876420171417181,0.0,990115.1008,0,500,0,100,0
1990.0904109589028,10014934.3966,998.0999,6986.6993,998.0999,0.0,0.0,998.0999,7984.7992,9.966115208291808e-05,0.0,9025817.3957,989117.0009000001,0.09876420171417181,0.0,990115.1008,0,500,0,100,0
1990.0931506849302,10016930.5964,0.0,7984.7992,1996.1998,0.0,0.0,0.0,7984.7992,0.0,0.0,9027813.5955,989117.0009000001,0.09874451972897569,0.0,990115.1008,0,500,0,100,0
1990.0958904109575,10015932.4965,998.0999,7984.7992,0.0,0.0,0.0,998.0999,8982.8991,9.965122072745392e-05,0.0,9026815.4956,989117.0009000001,0.09875435974090682,0.0,990115.1008,0,500,0,100,0
1990.0986301369849,10016930.5964,0.0,8982.8991,998.0999,0.0,0.0,0.0,8982.8991,0.0,0.0,9027813.5955,989117.0009000001,0.09874451972897569,0.0,990115.1008,0,500,0,100,0
1990.1013698630122,10016930.5964,0.0,8982.8991,0.0,0.0,0.0,0.0,8982.8991,0.0,0.0,9027813.5955,989117.0009000001,0.09874451972897569,0.0,990115.1008,0,500,0,100,0
1990.1041095890396,10016930.5964,998.0999,8982.8991,998.0999,0.0,0.0,0.0,8982.8991,0.0,0.0,9028811.6954,988118.9010000001,0.09864487843762455,0.0,990115.1008,1,500,0,100,0
1990.106849315067,10017928.6963,0.0,9980.999,998.0999,0.0,0.0,0.0,8982.8991,0.0,0.0,9029809.795300001,988118.9010000001,0.09863505031383879,0.0,990115.1008,0,500,0,100,0
1990.1095890410943,10018926.7962,0.0,9980.999,998.0999,0.0,0.0,0.0,8982.8991,0.0,0.0,9030807.895200001,988118.9010000001,0.0986252241482367,0.0,990115.1008,0,500,0,100,0
1990.1123287671217,10021921.095900001,0.0,9980.999,2994.2997,0.0,0.0,0.0,8982.8991,0.0,0.0,9033802.1949,988118.9010000001,0.09859575739468181,0.0,990115.1008,0,500,0,100,0
1990.115068493149,10021921.095900001,998.0999,9980.999,998.0999,0.0,0.0,998.0999,9980.999,9.959167413604223e-05,0.0,9033802.1949,988118.9010000001,0.09859575739468181,0.0,990115.1008,0,500,0,100,0
1990.1178082191764,10021921.095900001,0.0,10979.0989,0.0,0.0,0.0,0.0,9980.999,0.0,0.0,9033802.1949,988118.9010000001,0.09859575739468181,0.0,990115.1008,0,500,0,100,0
1990.1205479452037,10022919.1958,998.0999,10979.0989,1996.1998,0.0,0.0,998.0999,10979.098899999999,9.958175662218681e-05,0.0,9034800.2948,988118.9010000001,0.09858593905596495,0.0,990115.1008,0,500,0,100,0
1990.123287671231,10022919.1958,0.0,11977.1988,0.0,0.0,0.0,0.0,10979.098899999999,0.0,0.0,9034800.2948,988118.9010000001,0.09858593905596495,0.0,990115.1008,0,500,0,100,0
1990.1260273972584,10023917.2957,0.0,11977.1988,998.0999,0.0,0.0,0.0,10979.098899999999,0.0,0.0,9035798.3947,988118.9010000001,0.09857612267250822,0.0,990115.1008,0,500,0,100,0
1990.1287671232858,10023917.2957,0.0,11977.1988,0.0,0.0,0.0,0.0,10979.098899999999,0.0,0.0,9035798.3947,988118.9010000001,0.09857612267250822,0.0,990115.1008,0,500,0,100,0
1990.1315068493132,10023917.2957,0.0,11977.1988,0.0,0.0,0.0,0.0,10979.098899999999,0.0,0.0,9035798.3947,988118.9010000001,0.09857612267250822,0.0,990115.1008,0,500,0,100,0
1990.1342465753405,10022919.1958,998.0999,11977.1988,0.0,0.0,0.0,998.0999,11977.198799999998,9.958175662218681e-05,0.0,9033802.1949,989117.0009000001,0.09868552081258714,998.0999,991113.2007,0,500,0,100,0
1990.1369863013679,10023917.2957,0.0,12975.298700000001,998.0999,0.0,0.0,0.0,11977.198799999998,0.0,0.0,9034800.2948,989117.0009000001,0.09867569451359155,0.0,991113.2007,0,500,0,100,0
1990.1397260273952,10024915.3956,0.0,12975.298700000001,998.0999,0.0,0.0,0.0,11977.198799999998,0.0,0.0,9035798.3947,989117.0009000001,0.09866587017124652,0.0,991113.2007,0,500,0,100,0
1990.1424657534226,10023917.2957,1996.1998,12975.298700000001,998.0999,0.0,0.0,1996.1998,13973.398599999999,0.00019914368216668326,0.0,9036796.4946,987120.8011,0.09847655083142487,0.0,991113.2007,0,500,0,100,0
1990.14520547945,10023917.2957,0.0,14971.498500000002,0.0,0.0,0.0,0.0,13973.398599999999,0.0,0.0,9036796.4946,987120.8011,0.09847655083142487,0.0,991113.2007,0,500,0,100,0
1990.1479452054773,10022919.1958,998.0999,14971.498500000002,0.0,0.0,0.0,998.0999,14971.498499999998,9.958175662218681e-05,0.0,9035798.3947,987120.8011,0.09848635729934276,0.0,991113.2007,0,500,0,100,0
1990.1506849315047,10024915.3956,0.0,15969.5984,1996.1998,0.0,0.0,0.0,14971.498499999998,0.0,0.0,9037794.5945,987120.8011,0.09846674631620868,0.0,991113.2007,0,500,0,100,0
1990.153424657532,10025913.4955,0.0,15969.5984,998.0999,0.0,0.0,0.0,14971.498499999998,0.0,0.0,9038792.694400001,987120.8011,0.098456943753111,0.0,991113.2007,0,500,0,100,0
1990.1561643835594,10026911.5954,0.0,15969.5984,998.0999,0.0,0.0,0.0,14971.498499999998,0.0,0.0,9039790.794300001,987120.8011,0.09844714314154887,0.0,991113.2007,0,500,0,100,0
1990.1589041095867,10026911.5954,0.0,15969.5984,0.0,0.0,0.0,0.0,14971.498499999998,0.0,0.0,9039790.794300001,987120.8011,0.09844714314154887,0.0,991113.2007,0,500,0,100,0
1990.161643835614,10027909.6953,0.0,15969.5984,998.0999,0.0,0.0,0.0,14971.498499999998,0.0,0.0,9040788.8942,987120.8011,0.09843734448093959,0.0,991113.2007,0,500,0,100,0
1990.1643835616414,10028907.7952,0.0,15969.5984,998.0999,0.0,0.0,0.0,14971.498499999998,0.0,0.0,9041786.9941,987120.8011,0.09842754777070063,0.0,991113.2007,0,500,0,100,0
1990.1671232876688,10030903.995000001,0.0,15969.5984,1996.1998,0.0,0.0,0.0,14971.498499999998,0.0,0.0,9043783.1939,987120.8011,0.09840796019900498,0.0,991113.2007,0,500,0,100,0
1990.1698630136962,10030903.995000001,998.0999,15969.5984,998.0999,0.0,0.0,0.0,14971.498499999998,0.0,0.0,9044781.2938,986122.7012,0.09830845771144278,0.0,991113.2007,1,500,0,100,0
1990.1726027397235,10032900.1948,0.0,16967.6983,1996.1998,0.0,0.0,0.0,14971.498499999998,0.0,0.0,9046777.4936,986122.7012,0.09828889773179467,0.0,991113.2007,0,500,0,100,0
1990.1753424657509,10033898.2947,0.0,16967.6983,998.0999,0.0,0.0,0.0,14971.498499999998,0.0,0.0,9047775.593500001,986122.7012,0.09827912066049935,0.0,991113.2007,0,500,0,100,0
1990.1780821917782,10033898.2947,0.0,16967.6983,0.0,0.0,0.0,0.0,14971.498499999998,0.0,0.0,9047775.593500001,986122.7012,0.09827912066049935,0.0,991113.2007,0,500,0,100,0
1990.1808219178056,10033898.2947,0.0,16967.6983,0.0,0.0,0.0,0.0,14971.498499999998,0.0,0.0,9047775.593500001,986122.7012,0.09827912066049935,0.0,991113.2007,0,500,0,100,0
1990.183561643833,10033898.2947,0.0,16967.6983,0.0,0.0,0.0,0.0,14971.498499999998,0.0,0.0,9047775.593500001,986122.7012,0.09827912066049935,0.0,991113.2007,0,500,0,100,0
1990.1863013698603,10033898.2947,0.0,16967.6983,0.0,0.0,0.0,0.0,14971.498499999998,0.0,0.0,9047775.593500001,986122.7012,0.09827912066049935,0.0,991113.2007,0,500,0,100,0
1990.1890410958877,10033898.2947,0.0,16967.6983,0.0,0.0,0.0,0.0,14971.498499999998,0.0,0.0,9047775.593500001,986122.7012,0.09827912066049935,0.0,991113.2007,0,500,0,100,0
1990.191780821915,10035894.4945,0.0,16967.6983,1996.1998,0.0,0.0,0.0,14971.498499999998,0.0,0.0,9048773.693400001,987120.8011,0.09835902536051716,998.0999,992111.3006000001,0,500,0,100,0
1990.1945205479424,10037890.6943,0.0,16967.6983,1996.1998,0.0,0.0,0.0,14971.498499999998,0.0,0.0,9050769.8932,987120.8011,0.09833946504921945,0.0,992111.3006000001,0,500,0,100,0
1990.1972602739697,10039886.894100001,0.0,16967.6983,1996.1998,0.0,0.0,0.0,14971.498499999998,0.0,0.0,9052766.093,987120.8011,0.09831991251615468,0.0,992111.3006000001,0,500,0,100,0
1990.199999999997,10039886.894100001,998.0999,16967.6983,998.0999,0.0,0.0,998.0999,15969.598399999997,9.941346058256287e-05,0.0,9052766.093,987120.8011,0.09831991251615468,0.0,992111.3006000001,0,500,0,100,0
1990.2027397260244,10039886.894100001,0.0,17965.7982,0.0,0.0,0.0,0.0,15969.598399999997,0.0,0.0,9052766.093,987120.8011,0.09831991251615468,0.0,992111.3006000001,0,500,0,100,0
1990.2054794520518,10039886.894100001,0.0,17965.7982,0.0,0.0,0.0,0.0,15969.598399999997,0.0,0.0,9052766.093,987120.8011,0.09831991251615468,0.0,992111.3006000001,0,500,0,100,0
1990.2082191780792,10039886.894100001,0.0,17965.7982,0.0,0.0,0.0,0.0,15969.598399999997,0.0,0.0,9052766.093,987120.8011,0.09831991251615468,0.0,992111.3006000001,0,500,0,100,0
1990.2109589041065,10040884.994,0.0,17965.7982,998.0999,0.0,0.0,0.0,15969.598399999997,0.0,0.0,9053764.1929,987120.8011,0.09831013916500994,0.0,992111.3006000001,0,500,0,100,0
1990.2136986301339,10039886.894100001,998.0999,17965.7982,0.0,0.0,0.0,998.0999,16967.698299999996,9.941346058256287e-05,0.0,9052766.093,987120.8011,0.09831991251615468,0.0,992111.3006000001,0,500,0,100,0
1990.2164383561612,10040884.994,0.0,18963.898100000002,998.0999,0.0,0.0,0.0,16967.698299999996,0.0,0.0,9053764.1929,987120.8011,0.09831013916500994,0.0,992111.3006000001,0,500,0,100,0
1990.2191780821886,10039886.894100001,998.0999,18963.898100000002,0.0,0.0,0.0,0.0,16967.698299999996,0.0,0.0,9053764.1929,986122.7012,0.09822049905557212,0.0,992111.3006000001,1,500,0,100,0
1990.221917808216,10039886.894100001,0.0,19961.998,0.0,0.0,0.0,0.0,16967.698299999996,0.0,0.0,9053764.1929,986122.7012,0.09822049905557212,0.0,992111.3006000001,0,500,0,100,0
1990.2246575342433,10041883.0939,998.0999,19961.998,2994.2997,0.0,0.0,0.0,16967.698299999996,0.0,0.0,9056758.4926,985124.6013000001,0.0981015803598052,0.0,992111.3006000001,1,500,0,100,0
1990.2273972602707,10042881.1938,0.0,20960.0979,998.0999,0.0,0.0,0.0,16967.698299999996,0.0,0.0,9057756.592500001,985124.6013000001,0.09809183064997018,0.0,992111.3006000001,0,500,0,100,0
1990.230136986298,10042881.1938,0.0,20960.0979,0.0,0.0,0.0,0.0,16967.698299999996,0.0,0.0,9057756.592500001,985124.6013000001,0.09809183064997018,0.0,992111.3006000001,0,500,0,100,0
1990.2328767123254,10041883.0939,998.0999,20960.0979,0.0,0.0,0.0,0.0,16967.698299999996,0.0,0.0,9057756.592500001,984126.5014000001,0.09800218666136568,0.0,992111.3006000001,1,500,0,100,0
1990.2356164383527,10044877.3936,0.0,21958.1978,2994.2997,0.0,0.0,0.0,16967.698299999996,0.0,0.0,9060750.8922,984126.5014000001,0.09797297297297297,0.0,992111.3006000001,0,500,0,100,0
1990.23835616438,10045875.4935,998.0999,21958.1978,1996.1998,0.0,0.0,998.0999,17965.798199999997,9.935419771485345e-05,0.0,9061748.9921,984126.5014000001,0.0979632389468455,0.0,992111.3006000001,0,500,0,100,0
1990.2410958904075,10045875.4935,998.0999,22956.297700000003,998.0999,0.0,0.0,998.0999,18963.8981,9.935419771485345e-05,0.0,9061748.9921,984126.5014000001,0.0979632389468455,0.0,992111.3006000001,0,500,0,100,0
1990.2438356164348,10045875.4935,0.0,23954.3976,0.0,0.0,0.0,0.0,18963.8981,0.0,0.0,9061748.9921,984126.5014000001,0.0979632389468455,0.0,992111.3006000001,0,500,0,100,0
1990.2465753424622,10044877.3936,998.0999,23954.3976,0.0,0.0,0.0,998.0999,19961.998,9.936406995230525e-05,0.0,9060750.8922,984126.5014000001,0.09797297297297297,0.0,992111.3006000001,0,500,0,100,0
1990.2493150684895,10045875.4935,998.0999,24952.4975,1996.1998,0.0,0.0,998.0999,20960.0979,9.935419771485345e-05,0.0,9061748.9921,984126.5014000001,0.0979632389468455,0.0,992111.3006000001,0,500,0,100,0
1990.2520547945169,10046873.5934,0.0,25950.597400000002,998.0999,0.0,0.0,0.0,20960.0979,0.0,0.0,9062747.092,984126.5014000001,0.09795350685475859,0.0,992111.3006000001,0,500,0,100,0
1990.2547945205442,10047871.693300001,0.0,25950.597400000002,998.0999,0.0,0.0,0.0,20960.0979,0.0,0.0,9063745.1919,984126.5014000001,0.0979437766961359,0.0,992111.3006000001,0,500,0,100,0
1990.2575342465716,10048869.793200001,0.0,25950.597400000002,998.0999,0.0,0.0,0.0,20960.0979,0.0,0.0,9064743.2918,984126.5014000001,0.09793404847040127,0.0,992111.3006000001,0,500,0,100,0
1990.260273972599,10049867.8931,0.0,25950.597400000002,998.0999,0.0,0.0,0.0,20960.0979,0.0,0.0,9065741.3917,984126.5014000001,0.09792432217697884,0.0,992111.3006000001,0,500,0,100,0
1990.2630136986263,10050865.993,1996.1998,25950.597400000002,2994.2997,0.0,0.0,1996.1998,22956.2977,0.00019860973187686197,0.0,9066739.491600001,984126.5014000001,0.09791459781529295,0.0,992111.3006000001,0,500,0,100,0
1990.2657534246537,10050865.993,998.0999,27946.7972,998.0999,0.0,0.0,0.0,22956.2977,0.0,0.0,9067737.591500001,983128.4015,0.09781529294935452,0.0,992111.3006000001,1,500,0,100,0
1990.268493150681,10050865.993,0.0,28944.897100000002,0.0,0.0,0.0,0.0,22956.2977,0.0,0.0,9066739.491600001,984126.5014000001,0.09791459781529295,998.0999,993109.4005000001,0,500,0,100,0
1990.2712328767084,10050865.993,998.0999,28944.897100000002,998.0999,0.0,0.0,998.0999,23954.3976,9.930486593843098e-05,0.0,9065741.3917,985124.6013000001,0.09801390268123138,998.0999,994107.5004,0,500,0,100,0
1990.2739726027357,10050865.993,0.0,29942.997000000003,0.0,0.0,0.0,0.0,23954.3976,0.0,0.0,9065741.3917,985124.6013000001,0.09801390268123138,0.0,994107.5004,0,500,0,100,0
1990.276712328763,10051864.0929,1996.1998,29942.997000000003,2994.2997,0.0,0.0,998.0999,24952.4975,9.92950054612253e-05,0.0,9067737.591500001,984126.5014000001,0.09790487538476815,0.0,994107.5004,1,500,0,100,0
1990.2794520547905,10051864.0929,998.0999,31939.1968,998.0999,0.0,0.0,998.0999,25950.597400000002,9.92950054612253e-05,0.0,9067737.591500001,984126.5014000001,0.09790487538476815,0.0,994107.5004,0,500,0,100,0
1990.2821917808178,10050865.993,998.0999,32937.2967,0.0,0.0,0.0,998.0999,26948.697300000003,9.930486593843098e-05,0.0,9066739.491600001,984126.5014000001,0.09791459781529295,0.0,994107.5004,0,500,0,100,0
1990.2849315068452,10050865.993,0.0,33935.3966,0.0,0.0,0.0,0.0,26948.697300000003,0.0,0.0,9066739.491600001,984126.5014000001,0.09791459781529295,0.0,994107.5004,0,500,0,100,0
1990.2876712328725,10047871.693300001,2994.2997,33935.3966,0.0,0.0,0.0,2994.2997,29942.997000000003,0.00029800337737161017,0.0,9064743.2918,983128.4015,0.09784444223701202,0.0,994107.5004,0,500,0,100,0
1990.2904109588999,10048869.793200001,998.0999,36929.6963,1996.1998,0.0,0.0,998.0999,30941.096900000004,9.932459276916965e-05,0.0,9065741.3917,983128.4015,0.0978347238776321,0.0,994107.5004,0,500,0,100,0
1990.2931506849272,10048869.793200001,0.0,37927.796200000004,0.0,0.0,0.0,0.0,30941.096900000004,0.0,0.0,9065741.3917,983128.4015,0.0978347238776321,0.0,994107.5004,0,500,0,100,0
1990.2958904109546,10048869.793200001,0.0,37927.796200000004,0.0,0.0,0.0,0.0,30941.096900000004,0.0,0.0,9065741.3917,983128.4015,0.0978347238776321,0.0,994107.5004,0,500,0,100,0
1990.298630136982,10048869.793200001,998.0999,37927.796200000004,998.0999,0.0,0.0,998.0999,31939.196800000005,9.932459276916965e-05,0.0,9065741.3917,983128.4015,0.0978347238776321,0.0,994107.5004,0,500,0,100,0
1990.3013698630093,10050865.993,0.0,38925.896100000005,1996.1998,0.0,0.0,0.0,31939.196800000005,0.0,0.0,9067737.591500001,983128.4015,0.09781529294935452,0.0,994107.5004,0,500,0,100,0
1990.3041095890367,10050865.993,0.0,38925.896100000005,0.0,0.0,0.0,0.0,31939.196800000005,0.0,0.0,9067737.591500001,983128.4015,0.09781529294935452,0.0,994107.5004,0,500,0,100,0
1990.306849315064,10052862.1928,998.0999,38925.896100000005,2994.2997,0.0,0.0,0.0,31939.196800000005,0.0,0.0,9070731.8912,982130.3016,0.0976965845909452,0.0,994107.5004,1,500,0,100,0
1990.3095890410914,10051864.0929,998.0999,39923.996,0.0,0.0,0.0,998.0999,32937.296700000006,9.92950054612253e-05,0.0,9069733.7913,982130.3016,0.0977062853738457,0.0,994107.5004,0,500,0,100,0
1990.3123287671187,10050865.993,998.0999,40922.0959,0.0,0.0,0.0,998.0999,33935.39660000001,9.930486593843098e-05,0.0,9068735.6914,982130.3016,0.09771598808341608,0.0,994107.5004,0,500,0,100,0
1990.315068493146,10051864.0929,0.0,41920.1958,998.0999,0.0,0.0,0.0,33935.39660000001,0.0,0.0,9069733.7913,982130.3016,0.0977062853738457,0.0,994107.5004,0,500,0,100,0
1990.3178082191735,10053860.2927,0.0,41920.1958,1996.1998,0.0,0.0,0.0,33935.39660000001,0.0,0.0,9071729.9911,982130.3016,0.09768688573414078,0.0,994107.5004,0,500,0,100,0
1990.3205479452008,10054858.3926,998.0999,41920.1958,1996.1998,0.0,0.0,998.0999,34933.49650000001,9.926543577526306e-05,0.0,9072728.091,982130.3016,0.09767718880285885,0.0,994107.5004,0,500,0,100,0
1990.3232876712282,10056854.592400001,0.0,42918.2957,1996.1998,0.0,0.0,0.0,34933.49650000001,0.0,0.0,9074724.2908,982130.3016,0.09765780071456927,0.0,994107.5004,0,500,0,100,0
1990.3260273972555,10056854.592400001,0.0,42918.2957,0.0,0.0,0.0,0.0,34933.49650000001,0.0,0.0,9074724.2908,982130.3016,0.09765780071456927,0.0,994107.5004,0,500,0,100,0
1990.328767123283,10057852.692300001,998.0999,42918.2957,1996.1998,0.0,0.0,0.0,34933.49650000001,0.0,0.0,9076720.490600001,981132.2017000001,0.09754887367272005,0.0,994107.5004,1,500,0,100,0
1990.3315068493102,10059848.8921,0.0,43916.3956,1996.1998,0.0,0.0,0.0,34933.49650000001,0.0,0.0,9078716.6904,981132.2017000001,0.09752951681714456,0.0,994107.5004,0,500,0,100,0
1990.3342465753376,10058850.792200001,998.0999,43916.3956,0.0,0.0,0.0,998.0999,35931.59640000001,9.922603691208572e-05,0.0,9077718.5905,981132.2017000001,0.09753919428458027,0.0,994107.5004,0,500,0,100,0
1990.336986301365,10059848.8921,0.0,44914.495500000005,998.0999,0.0,0.0,0.0,35931.59640000001,0.0,0.0,9078716.6904,981132.2017000001,0.09752951681714456,0.0,994107.5004,0,500,0,100,0
1990.3397260273923,10058850.792200001,998.0999,44914.495500000005,0.0,0.0,0.0,998.0999,36929.69630000001,9.922603691208572e-05,0.0,9077718.5905,981132.2017000001,0.09753919428458027,0.0,994107.5004,0,500,0,100,0
1990.3424657534197,10058850.792200001,998.0999,45912.595400000006,998.0999,0.0,0.0,998.0999,37927.79620000001,9.922603691208572e-05,0.0,9077718.5905,981132.2017000001,0.09753919428458027,0.0,994107.5004,0,500,0,100,0
1990.345205479447,10058850.792200001,0.0,46910.6953,0.0,0.0,0.0,0.0,37927.79620000001,0.0,0.0,9077718.5905,981132.2017000001,0.09753919428458027,0.0,994107.5004,0,500,0,100,0
1990.3479452054744,10059848.8921,0.0,46910.6953,998.0999,0.0,0.0,0.0,37927.79620000001,0.0,0.0,9078716.6904,981132.2017000001,0.09752951681714456,0.0,994107.5004,0,500,0,100,0
1990.3506849315017,10059848.8921,998.0999,46910.6953,998.0999,0.0,0.0,998.0999,38925.89610000001,9.921619208254787e-05,0.0,9078716.6904,981132.2017000001,0.09752951681714456,0.0,994107.5004,0,500,0,100,0
1990.353424657529,10060846.992,0.0,47908.7952,998.0999,0.0,0.0,0.0,38925.89610000001,0.0,0.0,9079714.7903,981132.2017000001,0.09751984126984127,0.0,994107.5004,0,500,0,100,0
1990.3561643835565,10061845.0919,0.0,47908.7952,998.0999,0.0,0.0,0.0,38925.89610000001,0.0,0.0,9080712.8902,981132.2017000001,0.097510167642099,0.0,994107.5004,0,500,0,100,0
1990.3589041095838,10062843.1918,0.0,47908.7952,998.0999,0.0,0.0,0.0,38925.89610000001,0.0,0.0,9081710.9901,981132.2017000001,0.09750049593334656,0.0,994107.5004,0,500,0,100,0
1990.3616438356112,10062843.1918,0.0,47908.7952,0.0,0.0,0.0,0.0,38925.89610000001,0.0,0.0,9081710.9901,981132.2017000001,0.09750049593334656,0.0,994107.5004,0,500,0,100,0
1990.3643835616385,10062843.1918,998.0999,47908.7952,998.0999,0.0,0.0,998.0999,39923.996000000014,9.918666931164451e-05,0.0,9081710.9901,981132.2017000001,0.09750049593334656,0.0,994107.5004,0,500,0,100,0
1990.367123287666,10063841.2917,0.0,48906.8951,998.0999,0.0,0.0,0.0,39923.996000000014,0.0,0.0,9082709.09,981132.2017000001,0.09749082614301299,0.0,994107.5004,0,500,0,100,0
1990.3698630136932,10064839.3916,0.0,48906.8951,998.0999,0.0,0.0,0.0,39923.996000000014,0.0,0.0,9083707.1899,981132.2017000001,0.09748115827052757,0.0,994107.5004,0,500,0,100,0
1990.3726027397206,10064839.3916,998.0999,48906.8951,998.0999,0.0,0.0,0.0,39923.996000000014,0.0,0.0,9084705.289800001,980134.1018000001,0.09738199127330424,0.0,994107.5004,1,500,0,100,0
1990.375342465748,10064839.3916,0.0,49904.995,0.0,0.0,0.0,0.0,39923.996000000014,0.0,0.0,9084705.289800001,980134.1018000001,0.09738199127330424,0.0,994107.5004,0,500,0,100,0
1990.3780821917753,10064839.3916,0.0,49904.995,0.0,0.0,0.0,0.0,39923.996000000014,0.0,0.0,9084705.289800001,980134.1018000001,0.09738199127330424,0.0,994107.5004,0,500,0,100,0
1990.3808219178027,10064839.3916,0.0,49904.995,0.0,0.0,0.0,0.0,39923.996000000014,0.0,0.0,9084705.289800001,980134.1018000001,0.09738199127330424,0.0,994107.5004,0,500,0,100,0
1990.38356164383,10063841.2917,998.0999,49904.995,0.0,0.0,0.0,998.0999,40922.095900000015,9.91768322919766e-05,0.0,9083707.1899,980134.1018000001,0.09739164931072102,0.0,994107.5004,0,500,0,100,0
1990.3863013698574,10063841.2917,0.0,50903.094900000004,0.0,0.0,0.0,0.0,40922.095900000015,0.0,0.0,9083707.1899,980134.1018000001,0.09739164931072102,0.0,994107.5004,0,500,0,100,0
1990.3890410958847,10067833.691300001,0.0,50903.094900000004,3992.3996,0.0,0.0,0.0,40922.095900000015,0.0,0.0,9087699.5895,980134.1018000001,0.09735302865073857,0.0,994107.5004,0,500,0,100,0
1990.391780821912,10065837.491500001,1996.1998,50903.094900000004,0.0,0.0,0.0,998.0999,41920.195800000016,9.915716410510658e-05,0.0,9086701.4896,979136.0019,0.09727317798710956,0.0,994107.5004,1,500,0,100,0
1990.3945205479395,10066835.591400001,0.0,52899.294700000006,998.0999,0.0,0.0,0.0,41920.195800000016,0.0,0.0,9087699.5895,979136.0019,0.09726353361094586,0.0,994107.5004,0,500,0,100,0
1990.3972602739668,10066835.591400001,0.0,52899.294700000006,0.0,0.0,0.0,0.0,41920.195800000016,0.0,0.0,9087699.5895,979136.0019,0.09726353361094586,0.0,994107.5004,0,500,0,100,0
1990.3999999999942,10067833.691300001,0.0,52899.294700000006,998.0999,0.0,0.0,0.0,41920.195800000016,0.0,0.0,9088697.6894,979136.0019,0.09725389114702092,0.0,994107.5004,0,500,0,100,0
1990.4027397260215,10069829.8911,0.0,52899.294700000006,1996.1998,0.0,0.0,0.0,41920.195800000016,0.0,0.0,9090693.8892,979136.0019,0.09723461195361284,0.0,994107.5004,0,500,0,100,0
1990.405479452049,10067833.691300001,1996.1998,52899.294700000006,0.0,0.0,0.0,0.0,41920.195800000016,0.0,0.0,9090693.8892,977139.8021000001,0.0970556161395856,0.0,994107.5004,2,500,0,100,0
1990.4082191780763,10067833.691300001,0.0,54895.4945,0.0,0.0,0.0,0.0,41920.195800000016,0.0,0.0,9090693.8892,977139.8021000001,0.0970556161395856,0.0,994107.5004,0,500,0,100,0
1990.4109589041036,10067833.691300001,998.0999,54895.4945,998.0999,0.0,0.0,0.0,41920.195800000016,0.0,0.0,9091691.9891,976141.7022,0.09695647863586795,0.0,994107.5004,1,500,0,100,0
1990.413698630131,10065837.491500001,1996.1998,55893.5944,0.0,0.0,0.0,1996.1998,43916.39560000002,0.00019831432821021316,0.0,9089695.7893,976141.7022,0.09697570649479424,0.0,994107.5004,0,500,0,100,0
1990.4164383561583,10064839.3916,998.0999,57889.794200000004,0.0,0.0,0.0,998.0999,44914.49550000002,9.916699722332409e-05,0.0,9088697.6894,976141.7022,0.09698532328441095,0.0,994107.5004,0,500,0,100,0
1990.4191780821857,10064839.3916,998.0999,58887.894100000005,998.0999,0.0,0.0,998.0999,45912.59540000002,9.916699722332409e-05,0.0,9089695.7893,975143.6023,0.09688615628718762,0.0,994107.5004,0,500,0,100,0
1990.421917808213,10063841.2917,998.0999,59885.994000000006,0.0,0.0,0.0,998.0999,46910.69530000002,9.91768322919766e-05,0.0,9088697.6894,975143.6023,0.09689576514926113,0.0,994107.5004,0,500,0,100,0
1990.4246575342404,10064839.3916,0.0,60884.0939,998.0999,0.0,0.0,0.0,46910.69530000002,0.0,0.0,9089695.7893,975143.6023,0.09688615628718762,0.0,994107.5004,0,500,0,100,0
1990.4273972602678,10064839.3916,0.0,60884.0939,0.0,0.0,0.0,0.0,46910.69530000002,0.0,0.0,9089695.7893,975143.6023,0.09688615628718762,0.0,994107.5004,0,500,0,100,0
1990.430136986295,10065837.491500001,0.0,60884.0939,998.0999,0.0,0.0,0.0,46910.69530000002,0.0,0.0,9090693.8892,975143.6023,0.09687654933068915,0.0,994107.5004,0,500,0,100,0
1990.4328767123225,10066835.591400001,0.0,60884.0939,998.0999,0.0,0.0,0.0,46910.69530000002,0.0,0.0,9091691.9891,975143.6023,0.09686694427919888,0.0,994107.5004,0,500,0,100,0
1990.4356164383498,10067833.691300001,0.0,60884.0939,998.0999,0.0,0.0,0.0,46910.69530000002,0.0,0.0,9092690.089,975143.6023,0.09685734113215029,0.0,994107.5004,0,500,0,100,0
1990.4383561643772,10069829.8911,0.0,60884.0939,1996.1998,0.0,0.0,0.0,46910.69530000002,0.0,0.0,9094686.288800001,975143.6023,0.0968381405491129,0.0,994107.5004,0,500,0,100,0
1990.4410958904045,10070827.991,0.0,60884.0939,998.0999,0.0,0.0,0.0,46910.69530000002,0.0,0.0,9095684.388700001,975143.6023,0.09682854311199207,0.0,994107.5004,0,500,0,100,0
1990.443835616432,10070827.991,0.0,60884.0939,0.0,0.0,0.0,0.0,46910.69530000002,0.0,0.0,9095684.388700001,975143.6023,0.09682854311199207,0.0,994107.5004,0,500,0,100,0
1990.4465753424593,10071826.0909,0.0,60884.0939,998.0999,0.0,0.0,0.0,46910.69530000002,0.0,0.0,9096682.4886,975143.6023,0.09681894757704886,0.0,994107.5004,0,500,0,100,0
1990.4493150684866,10073822.2907,0.0,60884.0939,1996.1998,0.0,0.0,0.0,46910.69530000002,0.0,0.0,9098678.6884,975143.6023,0.09679976221143367,0.0,994107.5004,0,500,0,100,0
1990.452054794514,10073822.2907,0.0,60884.0939,0.0,0.0,0.0,0.0,46910.69530000002,0.0,0.0,9098678.6884,975143.6023,0.09679976221143367,0.0,994107.5004,0,500,0,100,0
1990.4547945205413,10073822.2907,998.0999,60884.0939,998.0999,0.0,0.0,0.0,46910.69530000002,0.0,0.0,9099676.7883,974145.5024,0.09670068364212821,0.0,994107.5004,1,500,0,100,0
1990.4575342465687,10071826.0909,1996.1998,61882.1938,0.0,0.0,0.0,0.0,46910.69530000002,0.0,0.0,9098678.6884,973147.4025000001,0.09662075116440393,998.0999,995105.6003,2,500,0,100,0
1990.460273972596,10072824.1908,0.0,63878.3936,998.0999,0.0,0.0,0.0,46910.69530000002,0.0,0.0,9099676.7883,973147.4025000001,0.09661117717003567,0.0,995105.6003,0,500,0,100,0
1990.4630136986234,10072824.1908,0.0,63878.3936,0.0,0.0,0.0,0.0,46910.69530000002,0.0,0.0,9099676.7883,973147.4025000001,0.09661117717003567,0.0,995105.6003,0,500,0,100,0
1990.4657534246508,10072824.1908,0.0,63878.3936,0.0,0.0,0.0,0.0,46910.69530000002,0.0,0.0,9099676.7883,973147.4025000001,0.09661117717003567,0.0,995105.6003,0,500,0,100,0
1990.4684931506781,10071826.0909,998.0999,63878.3936,0.0,0.0,0.0,998.0999,47908.79520000002,9.909820632246556e-05,0.0,9098678.6884,973147.4025000001,0.09662075116440393,0.0,995105.6003,0,500,0,100,0
1990.4712328767055,10072824.1908,0.0,64876.493500000004,998.0999,0.0,0.0,0.0,47908.79520000002,0.0,0.0,9099676.7883,973147.4025000001,0.09661117717003567,0.0,995105.6003,0,500,0,100,0
1990.4739726027328,10073822.2907,0.0,64876.493500000004,998.0999,0.0,0.0,0.0,47908.79520000002,0.0,0.0,9100674.8882,973147.4025000001,0.09660160507282275,0.0,995105.6003,0,500,0,100,0
1990.4767123287602,10072824.1908,998.0999,64876.493500000004,0.0,0.0,0.0,998.0999,48906.89510000002,9.908838684106223e-05,0.0,9099676.7883,973147.4025000001,0.09661117717003567,0.0,995105.6003,0,500,0,100,0
1990.4794520547875,10072824.1908,0.0,65874.5934,0.0,0.0,0.0,0.0,48906.89510000002,0.0,0.0,9099676.7883,973147.4025000001,0.09661117717003567,0.0,995105.6003,0,500,0,100,0
1990.482191780815,10072824.1908,998.0999,65874.5934,998.0999,0.0,0.0,998.0999,49904.995000000024,9.908838684106223e-05,0.0,9099676.7883,973147.4025000001,0.09661117717003567,0.0,995105.6003,0,500,0,100,0
1990.4849315068423,10072824.1908,0.0,66872.6933,0.0,0.0,0.0,0.0,49904.995000000024,0.0,0.0,9099676.7883,973147.4025000001,0.09661117717003567,0.0,995105.6003,0,500,0,100,0
1990.4876712328696,10072824.1908,0.0,66872.6933,0.0,0.0,0.0,0.0,49904.995000000024,0.0,0.0,9099676.7883,973147.4025000001,0.09661117717003567,0.0,995105.6003,0,500,0,100,0
1990.490410958897,10073822.2907,0.0,66872.6933,998.0999,0.0,0.0,0.0,49904.995000000024,0.0,0.0,9100674.8882,973147.4025000001,0.09660160507282275,0.0,995105.6003,0,500,0,100,0
1990.4931506849243,10072824.1908,998.0999,66872.6933,0.0,0.0,0.0,998.0999,50903.094900000026,9.908838684106223e-05,0.0,9099676.7883,973147.4025000001,0.09661117717003567,0.0,995105.6003,0,500,0,100,0
1990.4958904109517,10073822.2907,998.0999,67870.7932,1996.1998,0.0,0.0,998.0999,51901.19480000003,9.907856930545924e-05,0.0,9100674.8882,973147.4025000001,0.09660160507282275,0.0,995105.6003,0,500,0,100,0
1990.498630136979,10074820.3906,0.0,68868.8931,998.0999,0.0,0.0,0.0,51901.19480000003,0.0,0.0,9101672.9881,973147.4025000001,0.0965920348722013,0.0,995105.6003,0,500,0,100,0
1990.5013698630064,10074820.3906,0.0,68868.8931,0.0,0.0,0.0,0.0,51901.19480000003,0.0,0.0,9101672.9881,973147.4025000001,0.0965920348722013,0.0,995105.6003,0,500,0,100,0
1990.5041095890338,10074820.3906,0.0,68868.8931,0.0,0.0,0.0,0.0,51901.19480000003,0.0,0.0,9101672.9881,973147.4025000001,0.0965920348722013,0.0,995105.6003,0,500,0,100,0
1990.5068493150611,10076816.590400001,0.0,68868.8931,1996.1998,0.0,0.0,0.0,51901.19480000003,0.0,0.0,9103669.187900001,973147.4025000001,0.09657290015847861,0.0,995105.6003,0,500,0,100,0
1990.5095890410885,10077814.6903,0.0,68868.8931,998.0999,0.0,0.0,0.0,51901.19480000003,0.0,0.0,9104667.287800001,973147.4025000001,0.09656333564425076,0.0,995105.6003,0,500,0,100,0
1990.5123287671158,10078812.7902,0.0,68868.8931,998.0999,0.0,0.0,0.0,51901.19480000003,0.0,0.0,9105665.3877,973147.4025000001,0.09655377302436126,0.0,995105.6003,0,500,0,100,0
1990.5150684931432,10079810.8901,0.0,68868.8931,998.0999,0.0,0.0,0.0,51901.19480000003,0.0,0.0,9106663.4876,973147.4025000001,0.09654421229824735,0.0,995105.6003,0,500,0,100,0
1990.5178082191705,10078812.7902,998.0999,68868.8931,0.0,0.0,0.0,0.0,51901.19480000003,0.0,0.0,9106663.4876,972149.3026,0.09645474351356705,0.0,995105.6003,1,500,0,100,0
1990.520547945198,10078812.7902,0.0,69866.993,0.0,0.0,0.0,0.0,51901.19480000003,0.0,0.0,9106663.4876,972149.3026,0.09645474351356705,0.0,995105.6003,0,500,0,100,0
1990.5232876712253,10079810.8901,0.0,69866.993,998.0999,0.0,0.0,0.0,51901.19480000003,0.0,0.0,9107661.5875,972149.3026,0.09644519259332607,0.0,995105.6003,0,500,0,100,0
1990.5260273972526,10080808.99,0.0,69866.993,998.0999,0.0,0.0,0.0,51901.19480000003,0.0,0.0,9108659.6874,972149.3026,0.09643564356435644,0.0,995105.6003,0,500,0,100,0
1990.52876712328,10079810.8901,1996.1998,69866.993,998.0999,0.0,0.0,1996.1998,53897.39460000003,0.00019803940984255866,0.0,9108659.6874,971151.2027,0.09634617288840479,0.0,995105.6003,0,500,0,100,0
1990.5315068493073,10083803.2897,0.0,71863.1928,3992.3996,0.0,0.0,0.0,53897.39460000003,0.0,0.0,9112652.087000001,971151.2027,0.09630802731861823,0.0,995105.6003,0,500,0,100,0
1990.5342465753347,10085799.489500001,0.0,71863.1928,1996.1998,0.0,0.0,0.0,53897.39460000003,0.0,0.0,9114648.2868,971151.2027,0.0962889658584859,0.0,995105.6003,0,500,0,100,0
1990.536986301362,10084801.389600001,1996.1998,71863.1928,998.0999,0.0,0.0,1996.1998,55893.59440000003,0.0001979414093428345,0.0,9113650.186900001,971151.2027,0.096298495645289,0.0,995105.6003,0,500,0,100,0
1990.5397260273894,10084801.389600001,0.0,73859.3926,0.0,0.0,0.0,0.0,55893.59440000003,0.0,0.0,9113650.186900001,971151.2027,0.096298495645289,0.0,995105.6003,0,500,0,100,0
1990.5424657534168,10085799.489500001,998.0999,73859.3926,1996.1998,0.0,0.0,998.0999,56891.69430000003,9.896091044037604e-05,0.0,9114648.2868,971151.2027,0.0962889658584859,0.0,995105.6003,0,500,0,100,0
1990.5452054794441,10084801.389600001,998.0999,74857.49250000001,0.0,0.0,0.0,0.0,56891.69430000003,0.0,0.0,9114648.2868,970153.1028,0.09619952494061758,0.0,995105.6003,1,500,0,100,0
1990.5479452054715,10085799.489500001,0.0,75855.59240000001,998.0999,0.0,0.0,0.0,56891.69430000003,0.0,0.0,9115646.3867,970153.1028,0.09619000494804553,0.0,995105.6003,0,500,0,100,0
1990.5506849314988,10084801.389600001,1996.1998,75855.59240000001,998.0999,0.0,0.0,1996.1998,58887.894100000034,0.0001979414093428345,0.0,9114648.2868,970153.1028,0.09619952494061758,0.0,995105.6003,0,500,0,100,0
1990.5534246575262,10084801.389600001,0.0,77851.79220000001,0.0,0.0,0.0,0.0,58887.894100000034,0.0,0.0,9114648.2868,970153.1028,0.09619952494061758,0.0,995105.6003,0,500,0,100,0
1990.5561643835536,10084801.389600001,0.0,77851.79220000001,0.0,0.0,0.0,0.0,58887.894100000034,0.0,0.0,9114648.2868,970153.1028,0.09619952494061758,0.0,995105.6003,0,500,0,100,0
1990.558904109581,10083803.2897,998.0999,77851.79220000001,0.0,0.0,0.0,998.0999,59885.994000000035,9.898050084133427e-05,0.0,9113650.186900001,970153.1028,0.0962090468177769,0.0,995105.6003,0,500,0,100,0
1990.5616438356083,10082805.1898,998.0999,78849.8921,0.0,0.0,0.0,0.0,59885.994000000035,0.0,0.0,9113650.186900001,969155.0029000001,0.09611958028113245,0.0,995105.6003,1,500,0,100,0
1990.5643835616356,10083803.2897,0.0,79847.992,998.0999,0.0,0.0,0.0,59885.994000000035,0.0,0.0,9114648.2868,969155.0029000001,0.09611006631693557,0.0,995105.6003,0,500,0,100,0
1990.567123287663,10081807.0899,1996.1998,79847.992,0.0,0.0,0.0,998.0999,60884.093900000036,9.9000099000099e-05,0.0,9113650.186900001,968156.903,0.09603009603009603,0.0,995105.6003,1,500,0,100,0
1990.5698630136903,10084801.389600001,998.0999,81844.1918,3992.3996,0.0,0.0,998.0999,61882.19380000004,9.897070467141726e-05,0.0,9116644.4866,968156.903,0.09600158353127475,0.0,995105.6003,0,500,0,100,0
1990.5726027397177,10084801.389600001,0.0,82842.2917,0.0,0.0,0.0,0.0,61882.19380000004,0.0,0.0,9116644.4866,968156.903,0.09600158353127475,0.0,995105.6003,0,500,0,100,0
1990.575342465745,10084801.389600001,0.0,82842.2917,0.0,0.0,0.0,0.0,61882.19380000004,0.0,0.0,9116644.4866,968156.903,0.09600158353127475,0.0,995105.6003,0,500,0,100,0
1990.5780821917724,10084801.389600001,998.0999,82842.2917,998.0999,0.0,0.0,998.0999,62880.29370000004,9.897070467141726e-05,0.0,9116644.4866,968156.903,0.09600158353127475,0.0,995105.6003,0,500,0,100,0
1990.5808219177998,10085799.489500001,0.0,83840.3916,998.0999,0.0,0.0,0.0,62880.29370000004,0.0,0.0,9117642.5865,968156.903,0.09599208312716477,0.0,995105.6003,0,500,0,100,0
1990.5835616438271,10086797.5894,0.0,83840.3916,998.0999,0.0,0.0,0.0,62880.29370000004,0.0,0.0,9118640.6864,968156.903,0.09598258460320602,0.0,995105.6003,0,500,0,100,0
1990.5863013698545,10085799.489500001,998.0999,83840.3916,0.0,0.0,0.0,0.0,62880.29370000004,0.0,0.0,9118640.6864,967158.8031,0.0958931222167244,0.0,995105.6003,1,500,0,100,0
1990.5890410958818,10086797.5894,0.0,84838.4915,998.0999,0.0,0.0,0.0,62880.29370000004,0.0,0.0,9119638.7863,967158.8031,0.09588363348505838,0.0,995105.6003,0,500,0,100,0
1990.5917808219092,10087795.6893,0.0,84838.4915,998.0999,0.0,0.0,0.0,62880.29370000004,0.0,0.0,9120636.8862,967158.8031,0.09587414663104779,0.0,995105.6003,0,500,0,100,0
1990.5945205479366,10088793.7892,0.0,84838.4915,998.0999,0.0,0.0,0.0,62880.29370000004,0.0,0.0,9121634.986100001,967158.8031,0.09586466165413533,0.0,995105.6003,0,500,0,100,0
1990.597260273964,10088793.7892,0.0,84838.4915,0.0,0.0,0.0,0.0,62880.29370000004,0.0,0.0,9121634.986100001,967158.8031,0.09586466165413533,0.0,995105.6003,0,500,0,100,0
1990.5999999999913,10089791.8891,0.0,84838.4915,998.0999,0.0,0.0,0.0,62880.29370000004,0.0,0.0,9122633.086000001,967158.8031,0.09585517855376398,0.0,995105.6003,0,500,0,100,0
1990.6027397260186,10088793.7892,998.0999,84838.4915,0.0,0.0,0.0,0.0,62880.29370000004,0.0,0.0,9122633.086000001,966160.7032,0.09576573011476058,0.0,995105.6003,1,500,0,100,0
1990.605479452046,10088793.7892,998.0999,85836.5914,998.0999,0.0,0.0,998.0999,63878.39360000004,9.893153937475267e-05,0.0,9123631.1859,965162.6033000001,0.09566679857538583,0.0,995105.6003,0,500,0,100,0
1990.6082191780733,10088793.7892,0.0,86834.6913,0.0,0.0,0.0,0.0,63878.39360000004,0.0,0.0,9123631.1859,965162.6033000001,0.09566679857538583,0.0,995105.6003,0,500,0,100,0
1990.6109589041007,10090789.989,0.0,86834.6913,1996.1998,0.0,0.0,0.0,63878.39360000004,0.0,0.0,9125627.3857,965162.6033000001,0.09564787339268051,0.0,995105.6003,0,500,0,100,0
1990.613698630128,10090789.989,998.0999,86834.6913,998.0999,0.0,0.0,0.0,63878.39360000004,0.0,0.0,9126625.4856,964164.5034,0.09554896142433235,0.0,995105.6003,1,500,0,100,0
1990.6164383561554,10090789.989,0.0,87832.7912,0.0,0.0,0.0,0.0,63878.39360000004,0.0,0.0,9126625.4856,964164.5034,0.09554896142433235,0.0,995105.6003,0,500,0,100,0
1990.6191780821828,10090789.989,998.0999,87832.7912,998.0999,0.0,0.0,0.0,63878.39360000004,0.0,0.0,9127623.5855,963166.4035,0.09545004945598418,0.0,995105.6003,1,500,0,100,0
1990.6219178082101,10091788.0889,0.0,88830.89110000001,998.0999,0.0,0.0,0.0,63878.39360000004,0.0,0.0,9128621.6854,963166.4035,0.09544060923746414,0.0,995105.6003,0,500,0,100,0
1990.6246575342375,10092786.1888,0.0,88830.89110000001,998.0999,0.0,0.0,0.0,63878.39360000004,0.0,0.0,9129619.7853,963166.4035,0.09543117088607594,0.0,995105.6003,0,500,0,100,0
1990.6273972602648,10093784.288700001,0.0,88830.89110000001,998.0999,0.0,0.0,0.0,63878.39360000004,0.0,0.0,9130617.885200001,963166.4035,0.0954217344012657,0.0,995105.6003,0,500,0,100,0
1990.6301369862922,10093784.288700001,998.0999,88830.89110000001,998.0999,0.0,0.0,0.0,63878.39360000004,0.0,0.0,9131615.985100001,962168.3036000001,0.09532285177494314,0.0,995105.6003,1,500,0,100,0
1990.6328767123196,10093784.288700001,0.0,89828.99100000001,0.0,0.0,0.0,0.0,63878.39360000004,0.0,0.0,9131615.985100001,962168.3036000001,0.09532285177494314,0.0,995105.6003,0,500,0,100,0
1990.635616438347,10093784.288700001,0.0,89828.99100000001,0.0,0.0,0.0,0.0,63878.39360000004,0.0,0.0,9131615.985100001,962168.3036000001,0.09532285177494314,0.0,995105.6003,0,500,0,100,0
1990.6383561643743,10094782.388600001,998.0999,89828.99100000001,1996.1998,0.0,0.0,998.0999,64876.49350000004,9.887284951552303e-05,0.0,9132614.085,962168.3036000001,0.09531342693296421,0.0,995105.6003,0,500,0,100,0
1990.6410958904016,10094782.388600001,0.0,90827.09090000001,0.0,0.0,0.0,0.0,64876.49350000004,0.0,0.0,9132614.085,962168.3036000001,0.09531342693296421,0.0,995105.6003,0,500,0,100,0
1990.643835616429,10095780.4885,998.0999,90827.09090000001,1996.1998,0.0,0.0,998.0999,65874.59340000004,9.886307464162135e-05,0.0,9133612.1849,962168.3036000001,0.09530400395452299,0.0,995105.6003,0,500,0,100,0
1990.6465753424563,10097776.6883,0.0,91825.19080000001,1996.1998,0.0,0.0,0.0,65874.59340000004,0.0,0.0,9135608.3847,962168.3036000001,0.09528516358604329,0.0,995105.6003,0,500,0,100,0
1990.6493150684837,10099772.8881,998.0999,91825.19080000001,2994.2997,0.0,0.0,998.0999,66872.69330000004,9.882399446585631e-05,0.0,9137604.5845,962168.3036000001,0.09526633066508548,0.0,995105.6003,0,500,0,100,0
1990.652054794511,10100770.988,0.0,92823.2907,998.0999,0.0,0.0,0.0,66872.69330000004,0.0,0.0,9138602.6844,962168.3036000001,0.09525691699604744,0.0,995105.6003,0,500,0,100,0
1990.6547945205384,10101769.0879,0.0,92823.2907,998.0999,0.0,0.0,0.0,66872.69330000004,0.0,0.0,9139600.784300001,962168.3036000001,0.09524750518723446,0.0,995105.6003,0,500,0,100,0
1990.6575342465658,10103765.287700001,0.0,92823.2907,1996.1998,0.0,0.0,0.0,66872.69330000004,0.0,0.0,9141596.984100001,962168.3036000001,0.09522868714807864,0.0,995105.6003,0,500,0,100,0
1990.6602739725931,10105761.4875,0.0,92823.2907,1996.1998,0.0,0.0,0.0,66872.69330000004,0.0,0.0,9143593.1839,962168.3036000001,0.09520987654320988,0.0,995105.6003,0,500,0,100,0
1990.6630136986205,10104763.387600001,998.0999,92823.2907,0.0,0.0,0.0,998.0999,67870.79320000004,9.877518767285657e-05,0.0,9142595.084,962168.3036000001,0.09521928091663374,0.0,995105.6003,0,500,0,100,0
1990.6657534246478,10105761.4875,0.0,93821.3906,998.0999,0.0,0.0,0.0,67870.79320000004,0.0,0.0,9143593.1839,962168.3036000001,0.09520987654320988,0.0,995105.6003,0,500,0,100,0
1990.6684931506752,10107757.6873,0.0,93821.3906,1996.1998,0.0,0.0,0.0,67870.79320000004,0.0,0.0,9145589.3837,962168.3036000001,0.09519107336822356,0.0,995105.6003,0,500,0,100,0
1990.6712328767026,10108755.7872,998.0999,93821.3906,1996.1998,0.0,0.0,998.0999,68868.89310000004,9.873617693522907e-05,0.0,9146587.4836,962168.3036000001,0.09518167456556083,0.0,995105.6003,0,500,0,100,0
1990.67397260273,10108755.7872,0.0,94819.4905,0.0,0.0,0.0,0.0,68868.89310000004,0.0,0.0,9146587.4836,962168.3036000001,0.09518167456556083,0.0,995105.6003,0,500,0,100,0
1990.6767123287573,10108755.7872,1996.1998,94819.4905,1996.1998,0.0,0.0,1996.1998,70865.09290000005,0.00019747235387045813,0.0,9147585.5835,961170.2037000001,0.0950829383886256,0.0,995105.6003,0,500,0,100,0
1990.6794520547846,10108755.7872,0.0,96815.6903,0.0,0.0,0.0,0.0,70865.09290000005,0.0,0.0,9147585.5835,961170.2037000001,0.0950829383886256,0.0,995105.6003,0,500,0,100,0
1990.682191780812,10107757.6873,1996.1998,96815.6903,998.0999,0.0,0.0,0.0,70865.09290000005,0.0,0.0,9148583.6834,959174.0039,0.094894835588032,0.0,995105.6003,2,500,0,100,0
1990.6849315068393,10108755.7872,0.0,98811.8901,998.0999,0.0,0.0,0.0,70865.09290000005,0.0,0.0,9149581.783300001,959174.0039,0.09488546603475513,0.0,995105.6003,0,500,0,100,0
1990.6876712328667,10108755.7872,998.0999,98811.8901,998.0999,0.0,0.0,998.0999,71863.19280000005,9.873617693522907e-05,0.0,9149581.783300001,959174.0039,0.09488546603475513,0.0,995105.6003,0,500,0,100,0
1990.690410958894,10109753.8871,0.0,99809.99,998.0999,0.0,0.0,0.0,71863.19280000005,0.0,0.0,9149581.783300001,960172.1038,0.09497482476058841,998.0999,996103.7002000001,0,500,0,100,0
1990.6931506849214,10109753.8871,998.0999,99809.99,998.0999,0.0,0.0,998.0999,72861.29270000005,9.872642906506072e-05,0.0,9149581.783300001,960172.1038,0.09497482476058841,0.0,996103.7002000001,0,500,0,100,0
1990.6958904109488,10111750.086900001,0.0,100808.0899,1996.1998,0.0,0.0,0.0,72861.29270000005,0.0,0.0,9151577.9831,960172.1038,0.09495607541210146,0.0,996103.7002000001,0,500,0,100,0
1990.6986301369761,10112748.186800001,0.0,100808.0899,998.0999,0.0,0.0,0.0,72861.29270000005,0.0,0.0,9152576.083,960172.1038,0.09494670351362021,0.0,996103.7002000001,0,500,0,100,0
1990.7013698630035,10112748.186800001,0.0,100808.0899,0.0,0.0,0.0,0.0,72861.29270000005,0.0,0.0,9152576.083,960172.1038,0.09494670351362021,0.0,996103.7002000001,0,500,0,100,0
1990.7041095890308,10112748.186800001,0.0,100808.0899,0.0,0.0,0.0,0.0,72861.29270000005,0.0,0.0,9152576.083,960172.1038,0.09494670351362021,0.0,996103.7002000001,0,500,0,100,0
1990.7068493150582,10115742.4865,0.0,100808.0899,2994.2997,0.0,0.0,0.0,72861.29270000005,0.0,0.0,9155570.3827,960172.1038,0.0949185989146522,0.0,996103.7002000001,0,500,0,100,0
1990.7095890410856,10116740.5864,0.0,100808.0899,998.0999,0.0,0.0,0.0,72861.29270000005,0.0,0.0,9156568.4826,960172.1038,0.09490923441199685,0.0,996103.7002000001,0,500,0,100,0
1990.712328767113,10116740.5864,998.0999,100808.0899,998.0999,0.0,0.0,998.0999,73859.39260000005,9.865824782951855e-05,0.0,9156568.4826,960172.1038,0.09490923441199685,0.0,996103.7002000001,0,500,0,100,0
1990.7150684931403,10117738.6863,0.0,101806.18980000001,998.0999,0.0,0.0,0.0,73859.39260000005,0.0,0.0,9157566.5825,960172.1038,0.09489987175693006,0.0,996103.7002000001,0,500,0,100,0
1990.7178082191676,10116740.5864,2994.2997,101806.18980000001,1996.1998,0.0,0.0,998.0999,74857.49250000005,9.865824782951855e-05,0.0,9158564.682400001,958175.9040000001,0.0947119179163378,0.0,996103.7002000001,2,500,0,100,0
1990.720547945195,10117738.6863,0.0,104800.48950000001,998.0999,0.0,0.0,0.0,74857.49250000005,0.0,0.0,9159562.782300001,958175.9040000001,0.09470257472625036,0.0,996103.7002000001,0,500,0,100,0
1990.7232876712224,10118736.7862,0.0,104800.48950000001,998.0999,0.0,0.0,0.0,74857.49250000005,0.0,0.0,9160560.8822,958175.9040000001,0.09469323337936476,0.0,996103.7002000001,0,500,0,100,0
1990.7260273972497,10118736.7862,998.0999,104800.48950000001,998.0999,0.0,0.0,0.0,74857.49250000005,0.0,0.0,9161558.9821,957177.8041000001,0.0945945945945946,0.0,996103.7002000001,1,500,0,100,0
1990.728767123277,10122729.185800001,0.0,105798.58940000001,3992.3996,0.0,0.0,0.0,74857.49250000005,0.0,0.0,9165551.3817,957177.8041000001,0.09455728653125617,0.0,996103.7002000001,0,500,0,100,0
1990.7315068493044,10123727.2857,0.0,105798.58940000001,998.0999,0.0,0.0,0.0,74857.49250000005,0.0,0.0,9166549.4816,957177.8041000001,0.0945479641131815,0.0,996103.7002000001,0,500,0,100,0
1990.7342465753318,10123727.2857,0.0,105798.58940000001,0.0,0.0,0.0,0.0,74857.49250000005,0.0,0.0,9166549.4816,957177.8041000001,0.0945479641131815,0.0,996103.7002000001,0,500,0,100,0
1990.7369863013591,10122729.185800001,998.0999,105798.58940000001,0.0,0.0,0.0,0.0,74857.49250000005,0.0,0.0,9166549.4816,956179.7042,0.09445868664957602,0.0,996103.7002000001,1,500,0,100,0
1990.7397260273865,10122729.185800001,0.0,106796.6893,0.0,0.0,0.0,0.0,74857.49250000005,0.0,0.0,9166549.4816,956179.7042,0.09445868664957602,0.0,996103.7002000001,0,500,0,100,0
1990.7424657534139,10125723.4855,0.0,106796.6893,2994.2997,0.0,0.0,0.0,74857.49250000005,0.0,0.0,9169543.7813,956179.7042,0.09443075406604239,0.0,996103.7002000001,0,500,0,100,0
1990.7452054794412,10127719.6853,0.0,106796.6893,1996.1998,0.0,0.0,0.0,74857.49250000005,0.0,0.0,9171539.9811,956179.7042,0.09441214151966099,0.0,996103.7002000001,0,500,0,100,0
1990.7479452054686,10127719.6853,998.0999,106796.6893,998.0999,998.0999,0.09855129594954175,998.0999,75855.59240000005,9.855129594954174e-05,0.0,9171539.9811,956179.7042,0.09441214151966099,998.0999,997101.8001,0,500,0,100,0
1990.750684931496,10128717.7852,0.0,107794.7892,998.0999,0.0,0.0,0.0,75855.59240000005,0.0,0.0,9172538.081,956179.7042,0.094402837997635,0.0,997101.8001,0,500,0,100,0
1990.7534246575233,10131712.084900001,998.0999,107794.7892,3992.3996,998.0999,0.09851246182642104,998.0999,76853.69230000005,9.851246182642104e-05,0.0,9175532.3807,956179.7042,0.09437493842971136,0.0,997101.8001,0,500,0,100,0
1990.7561643835506,10132710.1848,0.0,108792.8891,998.0999,0.0,0.0,0.0,76853.69230000005,0.0,0.0,9175532.3807,957177.8041000001,0.09446414499605989,998.0999,998099.9,0,500,0,100,0
1990.758904109578,10132710.1848,0.0,108792.8891,0.0,998.0999,0.09850275807722615,0.0,76853.69230000005,0.0,0.0,9175532.3807,957177.8041000001,0.09446414499605989,0.0,998099.9,0,500,0,100,0
1990.7616438356054,10132710.1848,998.0999,108792.8891,998.0999,0.0,0.0,0.0,76853.69230000005,0.0,0.0,9176530.480600001,956179.7042,0.09436564223798266,0.0,998099.9,1,500,0,100,0
1990.7643835616327,10133708.2847,0.0,109790.989,998.0999,0.0,0.0,0.0,76853.69230000005,0.0,0.0,9177528.580500001,956179.7042,0.09435634787747464,0.0,998099.9,0,500,0,100,0
1990.76712328766,10133708.2847,0.0,109790.989,0.0,0.0,0.0,0.0,76853.69230000005,0.0,0.0,9177528.580500001,956179.7042,0.09435634787747464,0.0,998099.9,0,500,0,100,0
1990.7698630136874,10136702.5844,998.0999,109790.989,3992.3996,0.0,0.0,0.0,76853.69230000005,0.0,0.0,9181520.9801,955181.6043,0.09423001181567546,0.0,998099.9,1,500,0,100,0
1990.7726027397148,10137700.6843,0.0,110789.0889,998.0999,1996.1998,0.19690853598503497,0.0,76853.69230000005,0.0,0.0,9182519.08,955181.6043,0.09422073446883922,0.0,998099.9,0,500,0,100,0
1990.7753424657421,10137700.6843,0.0,110789.0889,0.0,998.0999,0.09845426799251748,0.0,76853.69230000005,0.0,0.0,9182519.08,955181.6043,0.09422073446883922,0.0,998099.9,0,500,0,100,0
1990.7780821917695,10139696.884100001,0.0,110789.0889,1996.1998,998.0999,0.09843488532335859,0.0,76853.69230000005,0.0,0.0,9184515.2798,955181.6043,0.09420218525445417,0.0,998099.9,0,500,0,100,0
1990.7808219177969,10139696.884100001,0.0,110789.0889,0.0,998.0999,0.09843488532335859,0.0,76853.69230000005,0.0,0.0,9184515.2798,955181.6043,0.09420218525445417,0.0,998099.9,0,500,0,100,0
1990.7835616438242,10140694.984000001,0.0,110789.0889,998.0999,0.0,0.0,0.0,76853.69230000005,0.0,0.0,9185513.379700001,955181.6043,0.09419291338582678,0.0,998099.9,0,500,0,100,0
1990.7863013698516,10140694.984000001,0.0,110789.0889,0.0,998.0999,0.09842519685039369,0.0,76853.69230000005,0.0,0.0,9185513.379700001,955181.6043,0.09419291338582678,0.0,998099.9,0,500,0,100,0
1990.789041095879,10141693.0839,998.0999,110789.0889,1996.1998,2994.2997,0.2952465308532624,0.0,76853.69230000005,0.0,0.0,9187509.5795,954183.5044000001,0.09408522783190632,0.0,998099.9,1,500,0,100,0
1990.7917808219063,10141693.0839,0.0,111787.1888,0.0,1996.1998,0.19683102056884164,0.0,76853.69230000005,0.0,0.0,9187509.5795,954183.5044000001,0.09408522783190632,0.0,998099.9,0,500,0,100,0
1990.7945205479336,10143689.2837,0.0,111787.1888,1996.1998,0.0,0.0,0.0,76853.69230000005,0.0,0.0,9189505.7793,954183.5044000001,0.09406671258486668,0.0,998099.9,0,500,0,100,0
1990.797260273961,10143689.2837,998.0999,111787.1888,998.0999,0.0,0.0,998.0999,77851.79220000005,9.839614287119945e-05,0.0,9189505.7793,954183.5044000001,0.09406671258486668,0.0,998099.9,0,500,0,100,0
1990.7999999999884,10144687.3836,0.0,112785.2887,998.0999,1996.1998,0.19677292404565133,0.0,77851.79220000005,0.0,0.0,9190503.8792,954183.5044000001,0.09405745769382133,0.0,998099.9,0,500,0,100,0
1990.8027397260157,10146683.5834,998.0999,112785.2887,2994.2997,0.0,0.0,998.0999,78849.89210000006,9.836710603974032e-05,0.0,9192500.079,954183.5044000001,0.09403895337399173,0.0,998099.9,0,500,0,100,0
1990.805479452043,10146683.5834,0.0,113783.3886,0.0,0.0,0.0,0.0,78849.89210000006,0.0,0.0,9192500.079,954183.5044000001,0.09403895337399173,0.0,998099.9,0,500,0,100,0
1990.8082191780704,10142691.1838,3992.3996,113783.3886,0.0,998.0999,0.098405825624877,3992.3996,82842.29170000006,0.000393623302499508,0.0,9189505.7793,953185.4045000001,0.09397756347175752,0.0,998099.9,0,500,0,100,0
1990.8109589040978,10142691.1838,998.0999,117775.78820000001,998.0999,1996.1998,0.196811651249754,0.0,82842.29170000006,0.0,0.0,9190503.8792,952187.3046,0.09387915764613265,0.0,998099.9,1,500,0,100,0
1990.8136986301251,10145685.4835,0.0,118773.88810000001,2994.2997,3992.3996,0.39350713231677326,0.0,82842.29170000006,0.0,0.0,9192500.079,953185.4045000001,0.09394982784062961,998.0999,999097.9999,0,500,0,100,0
1990.8164383561525,10146683.5834,0.0,118773.88810000001,998.0999,1996.1998,0.19673421207948064,0.0,82842.29170000006,0.0,0.0,9193498.1789,953185.4045000001,0.093940586267952,0.0,999097.9999,0,500,0,100,0
1990.8191780821799,10148679.783200001,0.0,118773.88810000001,1996.1998,1996.1998,0.19669551534225016,0.0,82842.29170000006,0.0,0.0,9195494.378700001,953185.4045000001,0.09392210857592447,0.0,999097.9999,0,500,0,100,0
1990.8219178082072,10149677.883100001,0.0,118773.88810000001,998.0999,1996.1998,0.19667617268167958,0.0,82842.29170000006,0.0,0.0,9196492.478600001,953185.4045000001,0.09391287245550202,0.0,999097.9999,0,500,0,100,0
1990.8246575342346,10150675.983000001,0.0,118773.88810000001,998.0999,2994.2997,0.2949852507374631,0.0,82842.29170000006,0.0,0.0,9197490.5785,953185.4045000001,0.09390363815142576,0.0,999097.9999,0,500,0,100,0
1990.827397260262,10151674.0829,0.0,118773.88810000001,998.0999,998.0999,0.09831874938550782,0.0,82842.29170000006,0.0,0.0,9198488.6784,953185.4045000001,0.09389440566315996,0.0,999097.9999,0,500,0,100,0
1990.8301369862893,10151674.0829,0.0,118773.88810000001,0.0,1996.1998,0.19663749877101563,0.0,82842.29170000006,0.0,0.0,9197490.5785,954183.5044000001,0.09399272441254547,998.0999,1000096.0998000001,0,500,0,100,0
1990.8328767123166,10152672.1828,0.0,118773.88810000001,998.0999,2994.2997,0.2949272512780181,0.0,82842.29170000006,0.0,0.0,9198488.6784,954183.5044000001,0.09398348407392842,0.0,1000096.0998000001,0,500,0,100,0
1990.835616438344,10152672.1828,998.0999,118773.88810000001,998.0999,2994.2997,0.2949272512780181,0.0,82842.29170000006,0.0,0.0,9199486.7783,953185.4045000001,0.09388517499016909,0.0,1000096.0998000001,1,500,0,100,0
1990.8383561643714,10152672.1828,0.0,119771.98800000001,0.0,998.0999,0.09830908375933936,0.0,82842.29170000006,0.0,0.0,9199486.7783,953185.4045000001,0.09388517499016909,0.0,1000096.0998000001,0,500,0,100,0
1990.8410958903987,10152672.1828,998.0999,119771.98800000001,998.0999,1996.1998,0.19661816751867872,0.0,82842.29170000006,0.0,0.0,9200484.8782,952187.3046,0.09378686590640975,0.0,1000096.0998000001,1,500,0,100,0
1990.843835616426,10152672.1828,0.0,120770.0879,0.0,0.0,0.0,0.0,82842.29170000006,0.0,0.0,9200484.8782,952187.3046,0.09378686590640975,0.0,1000096.0998000001,0,500,0,100,0
1990.8465753424534,10152672.1828,0.0,120770.0879,0.0,998.0999,0.09830908375933936,0.0,82842.29170000006,0.0,0.0,9200484.8782,952187.3046,0.09378686590640975,0.0,1000096.0998000001,0,500,0,100,0
1990.8493150684808,10154668.3826,0.0,120770.0879,1996.1998,0.0,0.0,0.0,82842.29170000006,0.0,0.0,9202481.078,952187.3046,0.09376842932966385,0.0,1000096.0998000001,0,500,0,100,0
1990.8520547945081,10153670.2827,998.0999,120770.0879,0.0,998.0999,0.0982994200334218,998.0999,83840.39160000006,9.829942003342181e-05,0.0,9201482.9781,952187.3046,0.0937776467118844,0.0,1000096.0998000001,0,500,0,100,0
1990.8547945205355,10152672.1828,998.0999,121768.1878,0.0,998.0999,0.09830908375933936,0.0,83840.39160000006,0.0,0.0,9200484.8782,952187.3046,0.09378686590640975,998.0999,1001094.1997,1,500,0,100,0
1990.8575342465629,10153670.2827,0.0,122766.2877,998.0999,998.0999,0.0982994200334218,0.0,83840.39160000006,0.0,0.0,9201482.9781,952187.3046,0.0937776467118844,0.0,1001094.1997,0,500,0,100,0
1990.8602739725902,10154668.3826,0.0,122766.2877,998.0999,2994.2997,0.2948692746215844,0.0,83840.39160000006,0.0,0.0,9201482.9781,953185.4045000001,0.09386671908787105,998.0999,1002092.2996,0,500,0,100,0
1990.8630136986176,10155666.4825,0.0,122766.2877,998.0999,998.0999,0.09828009828009827,0.0,83840.39160000006,0.0,0.0,9202481.078,953185.4045000001,0.09385749385749385,0.0,1002092.2996,0,500,0,100,0
1990.865753424645,10154668.3826,998.0999,122766.2877,0.0,0.0,0.0,998.0999,84838.49150000006,9.828975820719482e-05,0.0,9201482.9781,953185.4045000001,0.09386671908787105,0.0,1002092.2996,0,500,0,100,0
1990.8684931506723,10153670.2827,998.0999,123764.3876,0.0,1996.1998,0.1965988400668436,0.0,84838.49150000006,0.0,0.0,9201482.9781,952187.3046,0.0937776467118844,0.0,1002092.2996,1,500,0,100,0
1990.8712328766997,10153670.2827,0.0,124762.4875,0.0,0.0,0.0,0.0,84838.49150000006,0.0,0.0,9201482.9781,952187.3046,0.0937776467118844,0.0,1002092.2996,0,500,0,100,0
1990.873972602727,10153670.2827,0.0,124762.4875,0.0,998.0999,0.0982994200334218,0.0,84838.49150000006,0.0,0.0,9201482.9781,952187.3046,0.0937776467118844,0.0,1002092.2996,0,500,0,100,0
1990.8767123287544,10153670.2827,998.0999,124762.4875,998.0999,0.0,0.0,998.0999,85836.59140000006,9.829942003342181e-05,0.0,9201482.9781,952187.3046,0.0937776467118844,0.0,1002092.2996,0,500,0,100,0
1990.8794520547817,10154668.3826,0.0,125760.5874,998.0999,0.0,0.0,0.0,85836.59140000006,0.0,0.0,9202481.078,952187.3046,0.09376842932966385,0.0,1002092.2996,0,500,0,100,0
1990.882191780809,10154668.3826,0.0,125760.5874,0.0,0.0,0.0,0.0,85836.59140000006,0.0,0.0,9202481.078,952187.3046,0.09376842932966385,0.0,1002092.2996,0,500,0,100,0
1990.8849315068364,10153670.2827,1996.1998,125760.5874,998.0999,998.0999,0.0982994200334218,1996.1998,87832.79120000007,0.00019659884006684362,0.0,9201482.9781,952187.3046,0.0937776467118844,0.0,1002092.2996,0,500,0,100,0
1990.8876712328638,10155666.4825,0.0,127756.7872,1996.1998,998.0999,0.09828009828009827,0.0,87832.79120000007,0.0,0.0,9203479.1779,952187.3046,0.09375921375921376,0.0,1002092.2996,0,500,0,100,0
1990.8904109588912,10153670.2827,1996.1998,127756.7872,0.0,998.0999,0.0982994200334218,998.0999,88830.89110000007,9.829942003342181e-05,0.0,9202481.078,951189.2047,0.09367934729185098,0.0,1002092.2996,1,500,0,100,0
1990.8931506849185,10153670.2827,0.0,129752.98700000001,0.0,0.0,0.0,0.0,88830.89110000007,0.0,0.0,9201482.9781,952187.3046,0.0937776467118844,998.0999,1003090.3995,0,500,0,100,0
1990.8958904109459,10155666.4825,0.0,129752.98700000001,1996.1998,0.0,0.0,0.0,88830.89110000007,0.0,0.0,9203479.1779,952187.3046,0.09375921375921376,0.0,1003090.3995,0,500,0,100,0
1990.8986301369732,10156664.5824,0.0,129752.98700000001,998.0999,1996.1998,0.19654088050314467,0.0,88830.89110000007,0.0,0.0,9204477.277800001,952187.3046,0.09375,0.0,1003090.3995,0,500,0,100,0
1990.9013698630006,10156664.5824,0.0,129752.98700000001,0.0,998.0999,0.09827044025157233,0.0,88830.89110000007,0.0,0.0,9204477.277800001,952187.3046,0.09375,0.0,1003090.3995,0,500,0,100,0
1990.904109589028,10155666.4825,998.0999,129752.98700000001,0.0,998.0999,0.09828009828009827,998.0999,89828.99100000007,9.828009828009828e-05,0.0,9203479.1779,952187.3046,0.09375921375921376,0.0,1003090.3995,0,500,0,100,0
1990.9068493150553,10155666.4825,0.0,130751.08690000001,0.0,0.0,0.0,0.0,89828.99100000007,0.0,0.0,9203479.1779,952187.3046,0.09375921375921376,0.0,1003090.3995,0,500,0,100,0
1990.9095890410827,10154668.3826,998.0999,130751.08690000001,0.0,998.0999,0.09828975820719482,998.0999,90827.09090000007,9.828975820719482e-05,0.0,9202481.078,952187.3046,0.09376842932966385,0.0,1003090.3995,0,500,0,100,0
1990.91232876711,10155666.4825,0.0,131749.1868,998.0999,998.0999,0.09828009828009827,0.0,90827.09090000007,0.0,0.0,9203479.1779,952187.3046,0.09375921375921376,0.0,1003090.3995,0,500,0,100,0
1990.9150684931374,10157662.682300001,0.0,131749.1868,1996.1998,1996.1998,0.19652156824211456,0.0,90827.09090000007,0.0,0.0,9205475.377700001,952187.3046,0.09374078805148865,0.0,1003090.3995,0,500,0,100,0
1990.9178082191647,10158660.782200001,0.0,131749.1868,998.0999,998.0999,0.0982511298879937,0.0,90827.09090000007,0.0,0.0,9206473.4776,952187.3046,0.093731577913146,0.0,1003090.3995,0,500,0,100,0
1990.920547945192,10160656.982,0.0,131749.1868,1996.1998,1996.1998,0.19646365422396855,0.0,90827.09090000007,0.0,0.0,9208469.6774,952187.3046,0.093713163064833,0.0,1003090.3995,0,500,0,100,0
1990.9232876712194,10162653.1818,0.0,131749.1868,1996.1998,998.0999,0.09821253191907288,0.0,90827.09090000007,0.0,0.0,9210465.8772,952187.3046,0.09369475545079552,0.0,1003090.3995,0,500,0,100,0
1990.9260273972468,10162653.1818,0.0,131749.1868,0.0,0.0,0.0,0.0,90827.09090000007,0.0,0.0,9210465.8772,952187.3046,0.09369475545079552,0.0,1003090.3995,0,500,0,100,0
1990.9287671232742,10163651.2817,0.0,131749.1868,998.0999,0.0,0.0,0.0,90827.09090000007,0.0,0.0,9211463.9771,952187.3046,0.09368555435529805,0.0,1003090.3995,0,500,0,100,0
1990.9315068493015,10163651.2817,0.0,131749.1868,0.0,0.0,0.0,0.0,90827.09090000007,0.0,0.0,9211463.9771,952187.3046,0.09368555435529805,0.0,1003090.3995,0,500,0,100,0
1990.9342465753289,10163651.2817,998.0999,131749.1868,998.0999,0.0,0.0,0.0,90827.09090000007,0.0,0.0,9212462.077,951189.2047,0.09358735146813316,0.0,1003090.3995,1,500,0,100,0
1990.9369863013562,10163651.2817,0.0,132747.2867,0.0,0.0,0.0,0.0,90827.09090000007,0.0,0.0,9212462.077,951189.2047,0.09358735146813316,0.0,1003090.3995,0,500,0,100,0
1990.9397260273836,10163651.2817,998.0999,132747.2867,998.0999,1996.1998,0.1964057743297653,998.0999,91825.19080000007,9.820288716488265e-05,0.0,9212462.077,951189.2047,0.09358735146813316,0.0,1003090.3995,0,500,0,100,0
1990.942465753411,10164649.3816,0.0,133745.3866,998.0999,1996.1998,0.1963864886095837,0.0,91825.19080000007,0.0,0.0,9213460.176900001,951189.2047,0.09357816182246662,0.0,1003090.3995,0,500,0,100,0
1990.9452054794383,10164649.3816,998.0999,133745.3866,998.0999,1996.1998,0.1963864886095837,998.0999,92823.29070000007,9.819324430479184e-05,0.0,9213460.176900001,951189.2047,0.09357816182246662,0.0,1003090.3995,0,500,0,100,0
1990.9479452054657,10164649.3816,0.0,134743.4865,0.0,998.0999,0.09819324430479184,0.0,92823.29070000007,0.0,0.0,9213460.176900001,951189.2047,0.09357816182246662,0.0,1003090.3995,0,500,0,100,0
1990.950684931493,10166645.5814,0.0,134743.4865,1996.1998,0.0,0.0,0.0,92823.29070000007,0.0,0.0,9214458.276800001,952187.3046,0.09365796190850187,998.0999,1004088.4994000001,0,500,0,100,0
1990.9534246575204,10166645.5814,0.0,134743.4865,0.0,0.0,0.0,0.0,92823.29070000007,0.0,0.0,9214458.276800001,952187.3046,0.09365796190850187,0.0,1004088.4994000001,0,500,0,100,0
1990.9561643835477,10165647.4815,1996.1998,134743.4865,998.0999,0.0,0.0,998.0999,93821.39060000007,9.818360333824252e-05,0.0,9214458.276800001,951189.2047,0.09356897398134512,0.0,1004088.4994000001,1,500,0,100,0
1990.958904109575,10167643.681300001,0.0,136739.6863,1996.1998,998.0999,0.09816432708353783,0.0,93821.39060000007,0.0,0.0,9216454.4766,951189.2047,0.09355060371061157,0.0,1004088.4994000001,0,500,0,100,0
1990.9616438356024,10167643.681300001,998.0999,136739.6863,998.0999,0.0,0.0,998.0999,94819.49050000007,9.816432708353783e-05,0.0,9216454.4766,951189.2047,0.09355060371061157,0.0,1004088.4994000001,0,500,0,100,0
1990.9643835616298,10166645.5814,998.0999,137737.7862,0.0,998.0999,0.09817396426467702,0.0,94819.49050000007,0.0,0.0,9216454.4766,950191.1048000001,0.0934616139799725,0.0,1004088.4994000001,1,500,0,100,0
1990.9671232876572,10167643.681300001,998.0999,138735.8861,1996.1998,0.0,0.0,998.0999,95817.59040000007,9.816432708353783e-05,0.0,9217452.5765,950191.1048000001,0.09345243938352803,0.0,1004088.4994000001,0,500,0,100,0
1990.9698630136845,10168641.781200001,0.0,139733.986,998.0999,0.0,0.0,0.0,95817.59040000007,0.0,0.0,9218450.6764,950191.1048000001,0.0934432665881429,0.0,1004088.4994000001,0,500,0,100,0
1990.9726027397119,10168641.781200001,998.0999,139733.986,998.0999,2994.2997,0.2944640753828033,998.0999,96815.69030000007,9.815469179426775e-05,0.0,9218450.6764,950191.1048000001,0.0934432665881429,0.0,1004088.4994000001,0,500,0,100,0
1990.9753424657392,10169639.8811,0.0,140732.0859,998.0999,998.0999,0.09814505839630974,0.0,96815.69030000007,0.0,0.0,9219448.7763,950191.1048000001,0.09343409559328687,0.0,1004088.4994000001,0,500,0,100,0
1990.9780821917666,10173632.2807,0.0,140732.0859,3992.3996,0.0,0.0,0.0,96815.69030000007,0.0,0.0,9223441.175900001,950191.1048000001,0.09339742960855489,0.0,1004088.4994000001,0,500,0,100,0
1990.980821917794,10175628.4805,0.0,140732.0859,1996.1998,0.0,0.0,0.0,96815.69030000007,0.0,0.0,9225437.3757,950191.1048000001,0.09337910740559098,0.0,1004088.4994000001,0,500,0,100,0
1990.9835616438213,10176626.580400001,0.0,140732.0859,998.0999,2994.2997,0.2942330325617889,0.0,96815.69030000007,0.0,0.0,9226435.4756,950191.1048000001,0.09336994899960768,0.0,1004088.4994000001,0,500,0,100,0
1990.9863013698487,10179620.8801,0.0,140732.0859,2994.2997,1996.1998,0.19609765663300324,0.0,96815.69030000007,0.0,0.0,9229429.7753,950191.1048000001,0.09334248455730954,0.0,1004088.4994000001,0,500,0,100,0
1990.989041095876,10179620.8801,1996.1998,140732.0859,1996.1998,998.0999,0.09804882831650162,1996.1998,98811.89010000008,0.00019609765663300324,0.0,9229429.7753,950191.1048000001,0.09334248455730954,0.0,1004088.4994000001,0,500,0,100,0
1990.9917808219034,10178622.7802,998.0999,142728.2857,0.0,0.0,0.0,998.0999,99809.99000000008,9.805844283192783e-05,0.0,9227433.5755,951189.2047,0.09344969601882722,998.0999,1005086.5993,0,500,0,100,0
1990.9945205479307,10177624.680300001,998.0999,143726.3856,0.0,0.0,0.0,998.0999,100808.08990000008,9.806805923310777e-05,0.0,9225437.3757,952187.3046,0.09355692850838482,998.0999,1006084.6992,0,500,0,100,0
1990.997260273958,10177624.680300001,998.0999,144724.4855,998.0999,1996.1998,0.19613611846621554,998.0999,101806.18980000008,9.806805923310777e-05,0.0,9225437.3757,952187.3046,0.09355692850838482,0.0,1006084.6992,0,500,0,100,0
1990.9999999999854,10178622.7802,0.0,145722.5854,998.0999,998.0999,0.09805844283192783,0.0,101806.18980000008,0.0,0.0,9226435.4756,952187.3046,0.09354775446165915,0.0,1006084.6992,0,500,0,100,0
