Time,AgeGrp,ASFR,PASFR,Births
1990,15,39.355,0.808,5.395
1990,16,69.07,1.417,9.069
1990,17,103.816,2.13,13.028
1990,18,140.972,2.893,16.925
1990,19,173.061,3.551,19.879
1990,20,198.08,4.065,21.648
1990,21,214.097,4.393,22.092
1990,22,221.58,4.547,21.464
1990,23,223.7,4.59,20.282
1990,24,221.72,4.55,18.74
1990,25,218.003,4.473,17.084
1990,26,213.315,4.377,15.53
1990,27,208.642,4.281,14.246
1990,28,204.23,4.191,13.171
1990,29,200.182,4.108,12.266
1990,30,196.411,4.03,11.525
1990,31,192.438,3.949,10.927
1990,32,187.983,3.857,10.427
1990,33,182.29,3.741,9.916
1990,34,175.312,3.597,9.35
1990,35,167.596,3.439,8.756
1990,36,159.108,3.265,8.119
1990,37,149.146,3.06,7.404
1990,38,137.702,2.826,6.629
1990,39,125.453,2.574,5.851
1990,40,112.287,2.304,5.014
1990,41,97.041,1.991,3.625
1990,42,80.063,1.643,2.528
1990,43,64.045,1.314,2.029
1990,44,49.746,1.021,1.552
1990,45,37.816,0.776,1.147
1990,46,28.338,0.581,0.829
1990,47,21.029,0.432,0.592
1990,48,15.447,0.317,0.417
1990,49,9.919,0.204,0.257
1991,15,38.601,0.819,5.516
1991,16,68.189,1.446,9.379
1991,17,103.357,2.192,13.606
1991,18,141.404,3,17.773
1991,19,174.041,3.692,20.9
1991,20,198.951,4.22,22.818
1991,21,213.603,4.531,23.257
1991,22,218.644,4.638,22.421
1991,23,218.487,4.635,20.976
1991,24,214.763,4.556,19.249
1991,25,210.191,4.459,17.521
1991,26,205.519,4.36,15.844
1991,27,201.297,4.27,14.382
1991,28,197.61,4.192,13.217
1991,29,194.285,4.121,12.264
1991,30,191.098,4.054,11.462
1991,31,187.24,3.972,10.764
1991,32,182.349,3.868,10.154
1991,33,175.645,3.726,9.563
1991,34,167.254,3.548,8.937
1991,35,158.528,3.363,8.311
1991,36,149.586,3.173,7.686
1991,37,139.605,2.961,7.013
1991,38,128.571,2.727,6.29
1991,39,117.232,2.487,5.567
1991,40,105.393,2.236,4.852
1991,41,91.44,1.94,4.033
1991,42,75.611,1.604,2.789
1991,43,60.554,1.285,1.889
1991,44,47.02,0.997,1.473
1991,45,35.668,0.757,1.102
1991,46,26.601,0.564,0.8
1991,47,19.629,0.416,0.57
1991,48,14.352,0.304,0.4
1991,49,9.195,0.195,0.246
1992,15,37.5,0.821,5.514
1992,16,66.798,1.463,9.546
1992,17,101.713,2.227,13.986
1992,18,139.477,3.054,18.344
1992,19,171.451,3.754,21.515
1992,20,195.315,4.277,23.396
1992,21,209.126,4.579,23.9
1992,22,213.6,4.677,23.148
1992,23,213.196,4.668,21.733
1992,24,209.502,4.587,19.97
1992,25,205.017,4.489,18.224
1992,26,200.431,4.389,16.55
1992,27,196.257,4.297,14.97
1992,28,192.562,4.216,13.6
1992,29,189.111,4.141,12.497
1992,30,185.685,4.066,11.578
1992,31,181.54,3.975,10.757
1992,32,176.37,3.862,10.018
1992,33,169.571,3.713,9.331
1992,34,161.255,3.531,8.677
1992,35,152.529,3.34,8.056
1992,36,143.492,3.142,7.436
1992,37,133.47,2.922,6.78
1992,38,122.465,2.682,6.083
1992,39,111.156,2.434,5.379
1992,40,99.398,2.176,4.669
1992,41,85.874,1.88,3.911
1992,42,70.836,1.551,3.091
1992,43,56.71,1.242,2.069
1992,44,44.16,0.967,1.363
1992,45,33.681,0.737,1.044
1992,46,25.33,0.555,0.775
1992,47,18.866,0.413,0.561
1992,48,13.898,0.304,0.399
1992,49,8.941,0.196,0.247
1993,15,36.172,0.825,5.512
1993,16,65.061,1.483,9.704
1993,17,99.908,2.278,14.449
1993,18,137.888,3.143,19.131
1993,19,169.798,3.871,22.445
1993,20,193.184,4.404,24.239
1993,21,206.224,4.701,24.538
1993,22,209.73,4.781,23.631
1993,23,208.641,4.756,22.118
1993,24,204.63,4.665,20.251
1993,25,200.096,4.562,18.387
1993,26,195.673,4.461,16.645
1993,27,191.72,4.371,15.039
1993,28,188.225,4.291,13.558
1993,29,184.755,4.212,12.28
1993,30,181.034,4.127,11.257
1993,31,176.268,4.018,10.365
1993,32,170.196,3.88,9.536
1993,33,162.46,3.704,8.749
1993,34,153.237,3.493,8.018
1993,35,143.668,3.275,7.372
1993,36,133.899,3.053,6.761
1993,37,123.435,2.814,6.136
1993,38,112.3,2.56,5.497
1993,39,101.098,2.305,4.86
1993,40,89.706,2.045,4.215
1993,41,76.979,1.755,3.52
1993,42,63.145,1.44,2.807
1993,43,50.339,1.148,2.15
1993,44,39.123,0.892,1.4
1993,45,29.836,0.68,0.906
1993,46,22.491,0.513,0.69
1993,47,16.798,0.383,0.509
1993,48,12.394,0.283,0.366
1993,49,7.976,0.182,0.227
1994,15,35.593,0.833,5.457
1994,16,64.568,1.512,9.712
1994,17,98.916,2.316,14.551
1994,18,135.786,3.18,19.336
1994,19,166.192,3.892,22.655
1994,20,187.955,4.401,24.348
1994,21,200.718,4.7,24.609
1994,22,205.342,4.809,23.792
1994,23,205.931,4.822,22.495
1994,24,203.774,4.772,20.832
1994,25,200.437,4.694,19.005
1994,26,196.369,4.598,17.164
1994,27,191.949,4.495,15.423
1994,28,187.245,4.385,13.786
1994,29,182.174,4.266,12.249
1994,30,176.665,4.137,10.917
1994,31,170.492,3.992,9.842
1994,32,163.533,3.829,8.936
1994,33,155.465,3.641,8.117
1994,34,146.396,3.428,7.378
1994,35,137.127,3.211,6.75
1994,36,127.727,2.991,6.202
1994,37,117.713,2.757,5.659
1994,38,107.074,2.507,5.096
1994,39,96.254,2.254,4.536
1994,40,85.141,1.994,3.96
1994,41,72.813,1.705,3.323
1994,42,59.505,1.393,2.652
1994,43,47.174,1.105,2.051
1994,44,36.359,0.851,1.525
1994,45,27.469,0.643,0.97
1994,46,20.52,0.481,0.619
1994,47,15.185,0.356,0.464
1994,48,11.115,0.26,0.337
1994,49,7.104,0.166,0.21
1995,15,35.13,0.846,5.565
1995,16,64.219,1.546,9.746
1995,17,98.576,2.373,14.667
1995,18,135.188,3.254,19.647
1995,19,164.756,3.966,23.142
1995,20,185.131,4.457,24.845
1995,21,196.685,4.735,25.029
1995,22,200.388,4.824,24.07
1995,23,200.482,4.826,22.683
1995,24,198.249,4.773,21.065
1995,25,195.107,4.697,19.311
1995,26,191.431,4.608,17.48
1995,27,187.434,4.512,15.694
1995,28,183.123,4.408,14.029
1995,29,178.299,4.292,12.465
1995,30,172.876,4.162,10.999
1995,31,166.662,4.012,9.725
1995,32,159.553,3.841,8.697
1995,33,151.286,3.642,7.818
1995,34,141.993,3.418,7.029
1995,35,132.528,3.19,6.354
1995,36,122.991,2.961,5.782
1995,37,112.965,2.719,5.262
1995,38,102.443,2.466,4.743
1995,39,91.808,2.21,4.226
1995,40,80.949,1.949,3.703
1995,41,69,1.661,3.124
1995,42,56.182,1.353,2.502
1995,43,44.341,1.067,1.933
1995,44,33.987,0.818,1.45
1995,45,25.518,0.614,1.054
1995,46,18.945,0.456,0.66
1995,47,13.923,0.335,0.416
1995,48,10.121,0.244,0.307
1995,49,6.427,0.155,0.193
1996,15,34.741,0.845,5.907
1996,16,63.653,1.549,10.039
1996,17,97.853,2.381,14.778
1996,18,134.372,3.27,19.882
1996,19,163.874,3.988,23.666
1996,20,184.247,4.484,25.695
1996,21,196.102,4.772,26.105
1996,22,200.394,4.877,25.268
1996,23,200.985,4.891,23.89
1996,24,199.02,4.843,22.251
1996,25,195.692,4.762,20.514
1996,26,191.385,4.658,18.655
1996,27,186.576,4.54,16.748
1996,28,181.359,4.414,14.904
1996,29,175.661,4.275,13.188
1996,30,169.474,4.124,11.596
1996,31,162.832,3.963,10.13
1996,32,155.688,3.789,8.877
1996,33,147.787,3.597,7.868
1996,34,139.171,3.387,7.024
1996,35,130.284,3.171,6.3
1996,36,121.145,2.948,5.676
1996,37,111.4,2.711,5.12
1996,38,101.037,2.459,4.604
1996,39,90.357,2.199,4.095
1996,40,79.3,1.93,3.574
1996,41,67.296,1.638,3.016
1996,42,54.61,1.329,2.423
1996,43,42.966,1.046,1.876
1996,44,32.845,0.799,1.405
1996,45,24.623,0.599,1.031
1996,46,18.295,0.445,0.741
1996,47,13.466,0.328,0.461
1996,48,9.803,0.239,0.288
1996,49,6.224,0.151,0.185
1997,15,35.72,0.879,6.391
1997,16,65.778,1.619,11.135
1997,17,100.627,2.476,15.791
1997,18,136.93,3.37,20.559
1997,19,165.218,4.066,24.285
1997,20,183.549,4.517,26.31
1997,21,194.199,4.779,26.855
1997,22,198.118,4.876,26.122
1997,23,198.826,4.893,24.797
1997,24,197.291,4.855,23.159
1997,25,194.276,4.781,21.413
1997,26,190.057,4.677,19.604
1997,27,185.087,4.555,17.719
1997,28,179.475,4.417,15.797
1997,29,173.251,4.264,13.938
1997,30,166.483,4.097,12.219
1997,31,159.429,3.923,10.653
1997,32,152.116,3.743,9.232
1997,33,144.389,3.553,8.027
1997,34,136.229,3.353,7.07
1997,35,127.7,3.143,6.282
1997,36,118.758,2.923,5.598
1997,37,109.137,2.686,4.986
1997,38,98.828,2.432,4.432
1997,39,88.053,2.167,3.917
1997,40,76.809,1.89,3.401
1997,41,64.856,1.596,2.857
1997,42,52.5,1.292,2.301
1997,43,41.322,1.017,1.794
1997,44,31.741,0.781,1.356
1997,45,24.021,0.591,1.006
1997,46,18.113,0.446,0.743
1997,47,13.541,0.333,0.538
1997,48,9.965,0.245,0.334
1997,49,6.361,0.157,0.183
1998,15,35.968,0.892,6.551
1998,16,66.192,1.642,11.789
1998,17,101.465,2.516,17.087
1998,18,138.546,3.436,21.61
1998,19,167.619,4.157,24.994
1998,20,186.608,4.628,27.214
1998,21,196.977,4.885,27.984
1998,22,199.812,4.955,27.355
1998,23,199.252,4.941,25.971
1998,24,196.471,4.873,24.183
1998,25,192.527,4.775,22.265
1998,26,187.743,4.656,20.346
1998,27,182.485,4.526,18.472
1998,28,176.825,4.385,16.584
1998,29,170.701,4.233,14.695
1998,30,164.125,4.07,12.896
1998,31,157.2,3.899,11.256
1998,32,149.888,3.717,9.761
1998,33,141.905,3.519,8.387
1998,34,133.295,3.306,7.212
1998,35,124.536,3.089,6.289
1998,36,115.646,2.868,5.535
1998,37,106.227,2.634,4.873
1998,38,96.253,2.387,4.282
1998,39,85.998,2.133,3.758
1998,40,75.408,1.87,3.271
1998,41,63.962,1.586,2.763
1998,42,51.91,1.287,2.232
1998,43,40.882,1.014,1.75
1998,44,31.325,0.777,1.329
1998,45,23.58,0.585,0.985
1998,46,17.631,0.437,0.722
1998,47,13.056,0.324,0.524
1998,48,9.533,0.236,0.37
1998,49,6.056,0.15,0.198
1999,15,36.452,0.909,6.644
1999,16,67.213,1.677,12.183
1999,17,102.848,2.566,18.219
1999,18,139.996,3.492,23.427
1999,19,168.754,4.209,26.128
1999,20,187.127,4.668,27.666
1999,21,197.283,4.921,28.496
1999,22,200.313,4.997,28.151
1999,23,200.038,4.99,27.048
1999,24,197.503,4.927,25.381
1999,25,193.496,4.827,23.436
1999,26,188.316,4.697,21.384
1999,27,182.462,4.551,19.375
1999,28,176.062,4.392,17.431
1999,29,169.161,4.22,15.491
1999,30,161.847,4.037,13.583
1999,31,154.461,3.853,11.817
1999,32,147.012,3.667,10.238
1999,33,139.183,3.472,8.808
1999,34,130.953,3.267,7.516
1999,35,122.555,3.057,6.435
1999,36,113.958,2.843,5.583
1999,37,104.784,2.614,4.867
1999,38,94.993,2.37,4.231
1999,39,84.775,2.115,3.663
1999,40,74.096,1.848,3.147
1999,41,62.619,1.562,2.642
1999,42,50.621,1.263,2.128
1999,43,39.648,0.989,1.66
1999,44,30.141,0.752,1.257
1999,45,22.492,0.561,0.93
1999,46,16.684,0.416,0.68
1999,47,12.249,0.306,0.489
1999,48,8.867,0.221,0.347
1999,49,5.587,0.139,0.211
2000,15,36.024,0.906,6.466
2000,16,66.566,1.675,12.051
2000,17,102.001,2.567,18.353
2000,18,138.93,3.496,24.405
2000,19,167.399,4.212,27.741
2000,20,185.442,4.666,28.386
2000,21,195.445,4.918,28.522
2000,22,198.515,4.995,28.255
2000,23,198.367,4.992,27.413
2000,24,196.002,4.932,25.998
2000,25,192.134,4.835,24.155
2000,26,187.044,4.707,22.095
2000,27,181.235,4.56,20.011
2000,28,174.836,4.399,18.006
2000,29,167.891,4.225,16.085
2000,30,160.512,4.039,14.194
2000,31,153.133,3.853,12.391
2000,32,145.764,3.668,10.738
2000,33,138.006,3.473,9.245
2000,34,129.834,3.267,7.898
2000,35,121.542,3.058,6.701
2000,36,113.105,2.846,5.705
2000,37,104.122,2.62,4.903
2000,38,94.537,2.379,4.225
2000,39,84.501,2.126,3.627
2000,40,73.958,1.861,3.085
2000,41,62.515,1.573,2.566
2000,42,50.436,1.269,2.059
2000,43,39.286,0.989,1.601
2000,44,29.535,0.743,1.2
2000,45,21.693,0.546,0.879
2000,46,15.775,0.397,0.635
2000,47,11.328,0.285,0.449
2000,48,8.041,0.202,0.313
2000,49,4.988,0.126,0.19
2001,15,36.441,0.922,6.374
2001,16,67.463,1.706,11.992
2001,17,103.168,2.609,18.483
2001,18,139.917,3.539,24.878
2001,19,167.721,4.242,29.062
2001,20,184.749,4.673,30.129
2001,21,194.482,4.919,29.217
2001,22,197.946,5.007,28.27
2001,23,198.177,5.012,27.516
2001,24,195.959,4.956,26.32
2001,25,191.737,4.85,24.611
2001,26,185.815,4.7,22.497
2001,27,179.072,4.529,20.273
2001,28,171.75,4.344,18.099
2001,29,164.017,4.148,16.064
2001,30,156.089,3.948,14.178
2001,31,148.741,3.762,12.442
2001,32,142.025,3.592,10.851
2001,33,135.394,3.425,9.405
2001,34,128.669,3.254,8.123
2001,35,121.611,3.076,6.968
2001,36,114.083,2.885,5.925
2001,37,105.73,2.674,5.03
2001,38,96.477,2.44,4.294
2001,39,86.347,2.184,3.659
2001,40,75.339,1.906,3.076
2001,41,63.413,1.604,2.523
2001,42,50.905,1.288,1.999
2001,43,39.331,0.995,1.541
2001,44,29.18,0.738,1.145
2001,45,21.082,0.533,0.828
2001,46,15.062,0.381,0.591
2001,47,10.599,0.268,0.414
2001,48,7.371,0.186,0.284
2001,49,4.482,0.113,0.169
2002,15,34.983,0.9,5.919
2002,16,64.795,1.667,11.222
2002,17,100.437,2.584,17.665
2002,18,138.756,3.57,24.563
2002,19,168.902,4.346,29.624
2002,20,188.527,4.851,32.158
2002,21,198.234,5.1,31.745
2002,22,199.324,5.128,29.311
2002,23,196.665,5.06,27.395
2002,24,191.687,4.932,25.863
2002,25,185.844,4.782,24.155
2002,26,179.59,4.621,22.204
2002,27,173.463,4.463,20.134
2002,28,167.519,4.31,18.107
2002,29,161.446,4.154,16.184
2002,30,155.181,3.993,14.413
2002,31,148.735,3.827,12.785
2002,32,141.994,3.653,11.223
2002,33,134.439,3.459,9.693
2002,34,126.113,3.245,8.261
2002,35,117.727,3.029,7.004
2002,36,109.34,2.813,5.905
2002,37,100.498,2.586,4.924
2002,38,91.15,2.345,4.096
2002,39,81.531,2.098,3.438
2002,40,71.557,1.841,2.881
2002,41,60.627,1.56,2.358
2002,42,48.961,1.26,1.861
2002,43,38.136,0.981,1.436
2002,44,28.629,0.737,1.079
2002,45,20.95,0.539,0.793
2002,46,15.129,0.389,0.575
2002,47,10.78,0.277,0.41
2002,48,7.608,0.196,0.288
2002,49,4.705,0.121,0.176
2003,15,35.204,0.921,5.721
2003,16,65.346,1.71,10.94
2003,17,101.123,2.646,17.318
2003,18,139.313,3.646,24.198
2003,19,169.009,4.423,29.5
2003,20,187.919,4.917,32.435
2003,21,197.051,5.156,33.006
2003,22,197.814,5.176,31.016
2003,23,195.156,5.107,27.987
2003,24,190.468,4.984,25.768
2003,25,184.929,4.839,24.132
2003,26,178.883,4.681,22.385
2003,27,172.646,4.518,20.459
2003,28,166.258,4.351,18.422
2003,29,159.569,4.176,16.405
2003,30,152.576,3.993,14.503
2003,31,145.42,3.805,12.78
2003,32,138.015,3.612,11.21
2003,33,129.84,3.398,9.688
2003,34,120.985,3.166,8.231
2003,35,112.357,2.94,6.941
2003,36,104.034,2.722,5.839
2003,37,95.447,2.498,4.867
2003,38,86.521,2.264,4.008
2003,39,77.495,2.028,3.301
2003,40,68.252,1.786,2.737
2003,41,58.039,1.519,2.229
2003,42,47.033,1.231,1.75
2003,43,36.767,0.962,1.341
2003,44,27.707,0.725,1.005
2003,45,20.361,0.533,0.742
2003,46,14.765,0.386,0.542
2003,47,10.567,0.277,0.39
2003,48,7.488,0.196,0.277
2003,49,4.646,0.122,0.171
2004,15,34.947,0.935,5.454
2004,16,65.12,1.742,10.457
2004,17,101.11,2.705,16.703
2004,18,139.572,3.734,23.545
2004,19,169.163,4.525,28.889
2004,20,187.464,5.015,32.108
2004,21,195.514,5.23,33.047
2004,22,194.807,5.211,31.879
2004,23,190.908,5.107,29.151
2004,24,185.389,4.959,25.792
2004,25,179.623,4.805,23.491
2004,26,173.941,4.653,21.872
2004,27,168.415,4.505,20.249
2004,28,162.967,4.359,18.512
2004,29,157.173,4.204,16.659
2004,30,150.913,4.037,14.817
2004,31,144.079,3.854,13.064
2004,32,136.556,3.653,11.439
2004,33,127.947,3.423,9.902
2004,34,118.423,3.168,8.417
2004,35,109.141,2.92,7.07
2004,36,100.253,2.682,5.895
2004,37,91.276,2.442,4.872
2004,38,82.158,2.198,3.981
2004,39,73.158,1.957,3.219
2004,40,64.152,1.716,2.597
2004,41,54.347,1.454,2.075
2004,42,43.893,1.174,1.61
2004,43,34.236,0.916,1.222
2004,44,25.797,0.69,0.906
2004,45,18.983,0.508,0.665
2004,46,13.807,0.369,0.488
2004,47,9.91,0.265,0.355
2004,48,7.027,0.188,0.254
2004,49,4.357,0.117,0.158
2005,15,36.517,0.996,5.538
2005,16,68.513,1.869,10.531
2005,17,105.6,2.881,16.675
2005,18,143.675,3.92,23.294
2005,19,171.164,4.67,28.28
2005,20,185.838,5.07,31.018
2005,21,191.239,5.218,31.947
2005,22,188.878,5.153,31.066
2005,23,184.329,5.029,29.267
2005,24,179.078,4.886,26.43
2005,25,174.131,4.751,23.305
2005,26,169.643,4.629,21.257
2005,27,165.275,4.509,19.855
2005,28,160.82,4.388,18.435
2005,29,155.69,4.248,16.833
2005,30,149.739,4.086,15.085
2005,31,142.912,3.899,13.325
2005,32,135.14,3.687,11.631
2005,33,126.167,3.442,10.033
2005,34,116.205,3.171,8.54
2005,35,106.444,2.904,7.186
2005,36,97.074,2.649,5.973
2005,37,87.753,2.394,4.898
2005,38,78.442,2.14,3.971
2005,39,69.312,1.891,3.183
2005,40,60.254,1.644,2.514
2005,41,50.607,1.381,1.947
2005,42,40.523,1.106,1.476
2005,43,31.32,0.855,1.102
2005,44,23.38,0.638,0.804
2005,45,17.059,0.465,0.581
2005,46,12.338,0.337,0.422
2005,47,8.777,0.239,0.304
2005,48,6.126,0.167,0.216
2005,49,3.721,0.102,0.133
2006,15,35.573,0.983,5.321
2006,16,67.012,1.851,10.001
2006,17,103.841,2.869,15.677
2006,18,142.131,3.927,21.999
2006,19,170.077,4.699,26.973
2006,20,185.373,5.121,29.898
2006,21,191.264,5.284,31.102
2006,22,189.238,5.228,30.733
2006,23,184.745,5.104,29.465
2006,24,179.251,4.952,27.513
2006,25,173.793,4.802,24.693
2006,26,168.607,4.658,21.616
2006,27,163.683,4.522,19.574
2006,28,158.867,4.389,18.179
2006,29,153.479,4.24,16.736
2006,30,147.366,4.071,15.142
2006,31,140.516,3.882,13.445
2006,32,132.89,3.671,11.764
2006,33,124.324,3.435,10.16
2006,34,114.952,3.176,8.684
2006,35,105.521,2.915,7.371
2006,36,96.167,2.657,6.172
2006,37,86.731,2.396,5.071
2006,38,77.196,2.133,4.09
2006,39,67.652,1.869,3.249
2006,40,58.057,1.604,2.531
2006,41,48.145,1.33,1.911
2006,42,38.12,1.053,1.4
2006,43,29.142,0.805,1.019
2006,44,21.539,0.595,0.731
2006,45,15.591,0.431,0.52
2006,46,11.244,0.311,0.374
2006,47,7.983,0.221,0.268
2006,48,5.553,0.153,0.19
2006,49,3.352,0.093,0.117
2007,15,35.217,0.964,5.275
2007,16,66.533,1.822,9.865
2007,17,103.429,2.832,15.281
2007,18,142.198,3.894,21.223
2007,19,170.875,4.679,26.11
2007,20,187.116,5.124,29.256
2007,21,193.768,5.306,30.77
2007,22,192.399,5.269,30.76
2007,23,188.331,5.157,30.021
2007,24,182.989,5.011,28.592
2007,25,177.367,4.857,26.612
2007,26,171.751,4.703,23.791
2007,27,166.397,4.557,20.739
2007,28,161.204,4.414,18.706
2007,29,155.451,4.257,17.238
2007,30,148.985,4.08,15.728
2007,31,141.839,3.884,14.099
2007,32,134.025,3.67,12.397
2007,33,125.56,3.438,10.739
2007,34,116.507,3.19,9.195
2007,35,107.126,2.934,7.811
2007,36,97.484,2.67,6.569
2007,37,87.625,2.4,5.422
2007,38,77.564,2.124,4.369
2007,39,67.329,1.844,3.435
2007,40,56.963,1.56,2.634
2007,41,46.62,1.277,1.958
2007,42,36.566,1.001,1.4
2007,43,27.81,0.762,0.988
2007,44,20.61,0.564,0.698
2007,45,15.079,0.413,0.497
2007,46,11.107,0.304,0.361
2007,47,8.092,0.222,0.262
2007,48,5.765,0.158,0.189
2007,49,3.54,0.097,0.118
2008,15,37.174,0.985,5.561
2008,16,70.396,1.865,10.392
2008,17,108.639,2.879,15.845
2008,18,147.779,3.916,21.427
2008,19,175.772,4.658,25.69
2008,20,190.509,5.048,28.454
2008,21,196.589,5.209,29.994
2008,22,195.52,5.181,30.246
2008,23,192.059,5.089,29.854
2008,24,187.426,4.966,28.985
2008,25,182.283,4.83,27.561
2008,26,176.876,4.687,25.606
2008,27,171.624,4.548,22.861
2008,28,166.45,4.411,19.882
2008,29,160.599,4.256,17.825
2008,30,153.946,4.079,16.32
2008,31,146.701,3.887,14.805
2008,32,138.959,3.682,13.205
2008,33,130.931,3.469,11.581
2008,34,122.562,3.248,10.026
2008,35,113.414,3.005,8.563
2008,36,103.459,2.741,7.218
2008,37,93.014,2.465,5.996
2008,38,82.131,2.176,4.859
2008,39,70.722,1.874,3.807
2008,40,58.936,1.562,2.875
2008,41,47.521,1.259,2.104
2008,42,36.849,0.976,1.486
2008,43,27.813,0.737,1.026
2008,44,20.61,0.546,0.708
2008,45,15.212,0.403,0.501
2008,46,11.438,0.303,0.369
2008,47,8.52,0.226,0.272
2008,48,6.159,0.163,0.197
2008,49,3.802,0.101,0.124
2009,15,38.343,0.972,5.734
2009,16,72.474,1.837,10.692
2009,17,111.514,2.827,16.203
2009,18,151.399,3.838,21.684
2009,19,180.094,4.565,25.582
2009,20,195.629,4.959,27.956
2009,21,202.969,5.145,29.594
2009,22,203.658,5.163,30.289
2009,23,201.677,5.113,30.361
2009,24,197.997,5.019,29.896
2009,25,192.97,4.892,28.929
2009,26,186.882,4.738,27.33
2009,27,180.62,4.579,25.233
2009,28,174.255,4.417,22.345
2009,29,167.202,4.239,19.177
2009,30,159.462,4.042,16.975
2009,31,151.609,3.843,15.417
2009,32,143.82,3.646,13.928
2009,33,136.3,3.455,12.436
2009,34,128.835,3.266,10.946
2009,35,120.286,3.049,9.455
2009,36,110.495,2.801,8.018
2009,37,99.906,2.533,6.698
2009,38,88.569,2.245,5.484
2009,39,76.272,1.934,4.333
2009,40,63.237,1.603,3.269
2009,41,50.67,1.285,2.377
2009,42,39.042,0.99,1.666
2009,43,29.212,0.741,1.139
2009,44,21.382,0.542,0.766
2009,45,15.571,0.395,0.522
2009,46,11.582,0.294,0.374
2009,47,8.542,0.217,0.271
2009,48,6.119,0.155,0.194
2009,49,3.739,0.095,0.119
2010,15,38.811,0.964,5.813
2010,16,73.424,1.824,10.837
2010,17,112.751,2.801,16.388
2010,18,152.628,3.792,21.801
2010,19,181.07,4.499,25.436
2010,20,196.287,4.877,27.29
2010,21,203.989,5.068,28.482
2010,22,205.744,5.112,29.27
2010,23,204.989,5.093,29.705
2010,24,202.496,5.031,29.656
2010,25,198.284,4.927,29.076
2010,26,192.582,4.785,27.99
2010,27,186.371,4.631,26.381
2010,28,179.762,4.466,24.275
2010,29,172.248,4.28,21.314
2010,30,163.91,4.072,18.107
2010,31,155.592,3.866,15.945
2010,32,147.533,3.666,14.45
2010,33,139.937,3.477,13.064
2010,34,132.536,3.293,11.666
2010,35,123.963,3.08,10.165
2010,36,114.023,2.833,8.653
2010,37,103.227,2.565,7.231
2010,38,91.622,2.276,5.926
2010,39,78.89,1.96,4.712
2010,40,65.267,1.622,3.578
2010,41,52.099,1.294,2.603
2010,42,39.888,0.991,1.812
2010,43,29.495,0.733,1.223
2010,44,21.145,0.525,0.804
2010,45,14.972,0.372,0.525
2010,46,10.797,0.268,0.356
2010,47,7.694,0.191,0.246
2010,48,5.328,0.132,0.168
2010,49,3.148,0.078,0.099
2011,15,38.604,0.943,5.899
2011,16,73.029,1.783,10.8
2011,17,112.432,2.745,16.357
2011,18,152.743,3.729,21.836
2011,19,181.851,4.44,25.494
2011,20,197.891,4.832,27.226
2011,21,206.219,5.035,28.027
2011,22,208.478,5.09,28.411
2011,23,208.036,5.08,28.85
2011,24,205.669,5.022,29.016
2011,25,201.495,4.92,28.691
2011,26,195.799,4.781,27.879
2011,27,189.719,4.632,26.747
2011,28,183.37,4.477,25.159
2011,29,176.11,4.3,23.036
2011,30,167.987,4.102,20.115
2011,31,159.843,3.903,17.066
2011,32,151.919,3.709,15.046
2011,33,144.424,3.526,13.685
2011,34,137.067,3.347,12.393
2011,35,128.357,3.134,10.951
2011,36,118.097,2.884,9.392
2011,37,106.913,2.61,7.868
2011,38,94.861,2.316,6.441
2011,39,81.574,1.992,5.114
2011,40,67.299,1.643,3.898
2011,41,53.494,1.306,2.848
2011,42,40.689,0.993,1.978
2011,43,29.757,0.727,1.319
2011,44,20.942,0.511,0.849
2011,45,14.446,0.353,0.539
2011,46,10.097,0.247,0.349
2011,47,6.939,0.169,0.227
2011,48,4.632,0.113,0.148
2011,49,2.632,0.064,0.083
2012,15,38.734,0.946,6.141
2012,16,73.481,1.794,11.093
2012,17,113.002,2.759,16.479
2012,18,153.092,3.738,21.917
2012,19,181.62,4.434,25.497
2012,20,196.892,4.807,27.05
2012,21,205.161,5.009,27.607
2012,22,208.051,5.08,27.608
2012,23,208.493,5.09,27.701
2012,24,207.073,5.056,27.965
2012,25,203.521,4.969,27.932
2012,26,198.046,4.835,27.407
2012,27,191.826,4.683,26.527
2012,28,185.015,4.517,25.327
2012,29,177.113,4.324,23.594
2012,30,168.254,4.108,21.368
2012,31,159.531,3.895,18.537
2012,32,151.255,3.693,15.659
2012,33,143.702,3.509,13.807
2012,34,136.53,3.333,12.566
2012,35,127.961,3.124,11.251
2012,36,117.746,2.875,9.777
2012,37,106.566,2.602,8.249
2012,38,94.477,2.307,6.766
2012,39,81.036,1.979,5.353
2012,40,66.521,1.624,4.059
2012,41,52.594,1.284,2.969
2012,42,39.814,0.972,2.069
2012,43,28.973,0.707,1.378
2012,44,20.293,0.495,0.883
2012,45,13.952,0.341,0.557
2012,46,9.762,0.238,0.361
2012,47,6.722,0.164,0.231
2012,48,4.489,0.11,0.147
2012,49,2.54,0.062,0.081
2013,15,38.09,0.937,6.303
2013,16,72.483,1.784,11.416
2013,17,111.583,2.746,16.713
2013,18,151.124,3.719,21.84
2013,19,179.065,4.406,25.374
2013,20,193.839,4.77,26.903
2013,21,202.36,4.979,27.453
2013,22,206.156,5.073,27.364
2013,23,207.597,5.108,27.144
2013,24,207.069,5.095,27.084
2013,25,203.991,5.019,27.1
2013,26,198.546,4.885,26.79
2013,27,192.111,4.727,26.125
2013,28,184.905,4.55,25.122
2013,29,176.511,4.343,23.739
2013,30,167.133,4.113,21.873
2013,31,158.081,3.89,19.723
2013,32,149.742,3.685,17.089
2013,33,142.503,3.506,14.485
2013,34,135.933,3.345,12.824
2013,35,127.761,3.144,11.55
2013,36,117.658,2.895,10.164
2013,37,106.459,2.62,8.684
2013,38,94.23,2.319,7.164
2013,39,80.431,1.979,5.655
2013,40,65.402,1.609,4.242
2013,41,51.18,1.259,3.068
2013,42,38.38,0.944,2.13
2013,43,27.664,0.681,1.415
2013,44,19.208,0.473,0.9
2013,45,13.127,0.323,0.563
2013,46,9.203,0.226,0.363
2013,47,6.366,0.157,0.233
2013,48,4.26,0.105,0.146
2013,49,2.399,0.059,0.078
2014,15,37.613,0.949,6.498
2014,16,71.949,1.816,11.836
2014,17,110.822,2.797,17.335
2014,18,149.763,3.78,22.253
2014,19,176.679,4.46,25.3
2014,20,190.083,4.798,26.662
2014,21,197.501,4.985,27.106
2014,22,200.376,5.058,26.856
2014,23,201.148,5.077,26.35
2014,24,200.23,5.054,25.813
2014,25,197.074,4.974,25.394
2014,26,191.851,4.843,25.096
2014,27,185.846,4.691,24.684
2014,28,179.231,4.524,23.991
2014,29,171.469,4.328,22.933
2014,30,162.716,4.107,21.545
2014,31,154.202,3.892,19.872
2014,32,146.299,3.693,17.975
2014,33,139.413,3.519,15.666
2014,34,133.119,3.36,13.319
2014,35,125.151,3.159,11.623
2014,36,115.194,2.908,10.254
2014,37,104.135,2.629,8.857
2014,38,92.048,2.323,7.392
2014,39,78.387,1.979,5.865
2014,40,63.504,1.603,4.395
2014,41,49.491,1.249,3.16
2014,42,36.962,0.933,2.182
2014,43,26.534,0.67,1.452
2014,44,18.365,0.464,0.927
2014,45,12.53,0.316,0.58
2014,46,8.801,0.222,0.374
2014,47,6.096,0.154,0.239
2014,48,4.069,0.103,0.148
2014,49,2.274,0.057,0.077
2015,15,35.71,0.928,6.388
2015,16,68.512,1.78,11.77
2015,17,106.291,2.761,17.372
2015,18,144.861,3.764,22.487
2015,19,172.099,4.471,25.348
2015,20,186.245,4.839,26.406
2015,21,193.432,5.025,26.839
2015,22,195.188,5.071,26.475
2015,23,194.697,5.058,25.764
2015,24,192.662,5.005,24.894
2015,25,189.063,4.912,24.019
2015,26,184.145,4.784,23.368
2015,27,179.007,4.651,23.055
2015,28,173.705,4.513,22.717
2015,29,167.384,4.349,22.065
2015,30,160.033,4.158,21.085
2015,31,152.455,3.961,19.893
2015,32,144.933,3.765,18.411
2015,33,137.904,3.583,16.705
2015,34,131.054,3.405,14.519
2015,35,122.579,3.185,12.089
2015,36,112.273,2.917,10.278
2015,37,101.027,2.625,8.865
2015,38,88.941,2.311,7.456
2015,39,75.561,1.963,5.98
2015,40,61.199,1.59,4.513
2015,41,47.68,1.239,3.253
2015,42,35.567,0.924,2.24
2015,43,25.5,0.663,1.486
2015,44,17.632,0.458,0.953
2015,45,11.998,0.312,0.599
2015,46,8.376,0.218,0.384
2015,47,5.76,0.15,0.243
2015,48,3.822,0.099,0.149
2015,49,2.126,0.055,0.077
2016,15,34.937,0.926,6.391
2016,16,67.082,1.779,11.935
2016,17,104.432,2.769,17.83
2016,18,142.855,3.788,23.178
2016,19,170.143,4.511,26.191
2016,20,184.374,4.889,26.898
2016,21,191.043,5.066,26.801
2016,22,191.686,5.083,26.293
2016,23,190.016,5.038,25.456
2016,24,186.942,4.957,24.409
2016,25,182.817,4.847,23.286
2016,26,177.94,4.718,22.267
2016,27,173.263,4.594,21.648
2016,28,168.765,4.475,21.403
2016,29,163.393,4.332,21.048
2016,30,157.029,4.164,20.399
2016,31,150.207,3.983,19.511
2016,32,143.128,3.795,18.421
2016,33,136.156,3.61,17.066
2016,34,129.052,3.422,15.429
2016,35,120.414,3.193,13.165
2016,36,110.111,2.92,10.715
2016,37,98.976,2.624,8.938
2016,38,87.108,2.31,7.54
2016,39,74.123,1.965,6.129
2016,40,60.287,1.599,4.706
2016,41,47.166,1.251,3.432
2016,42,35.275,0.935,2.375
2016,43,25.315,0.671,1.575
2016,44,17.463,0.463,1.006
2016,45,11.792,0.313,0.63
2016,46,8.106,0.215,0.401
2016,47,5.462,0.145,0.248
2016,48,3.547,0.094,0.148
2016,49,1.93,0.051,0.075
2017,15,33.392,0.901,6.182
2017,16,64.024,1.727,11.65
2017,17,100.363,2.708,17.75
2017,18,138.659,3.741,23.51
2017,19,166.735,4.499,26.837
2017,20,182.411,4.921,27.824
2017,21,189.471,5.112,27.36
2017,22,189.563,5.114,26.297
2017,23,187.1,5.048,25.355
2017,24,183.252,4.944,24.232
2017,25,178.81,4.824,23.023
2017,26,174.125,4.698,21.853
2017,27,169.945,4.585,20.942
2017,28,166.169,4.483,20.445
2017,29,161.602,4.36,20.189
2017,30,156.019,4.209,19.809
2017,31,149.614,4.037,19.167
2017,32,142.51,3.845,18.265
2017,33,135.045,3.644,17.158
2017,34,127.106,3.429,15.734
2017,35,117.862,3.18,13.918
2017,36,107.288,2.895,11.586
2017,37,96.102,2.593,9.233
2017,38,84.405,2.277,7.524
2017,39,71.934,1.941,6.145
2017,40,58.89,1.589,4.806
2017,41,46.417,1.252,3.578
2017,42,34.954,0.943,2.512
2017,43,25.283,0.682,1.683
2017,44,17.597,0.475,1.083
2017,45,11.971,0.323,0.683
2017,46,8.231,0.222,0.436
2017,47,5.55,0.15,0.272
2017,48,3.632,0.098,0.164
2017,49,2.013,0.054,0.084
2018,15,33.353,0.911,6.213
2018,16,64.093,1.752,11.805
2018,17,100.27,2.74,18.14
2018,18,137.986,3.771,24.241
2018,19,165.198,4.515,27.795
2018,20,179.847,4.915,28.696
2018,21,186.417,5.095,28.159
2018,22,186.486,5.096,26.639
2018,23,184.268,5.036,25.261
2018,24,180.843,4.942,24.196
2018,25,176.804,4.832,23.062
2018,26,172.441,4.713,21.884
2018,27,168.417,4.603,20.819
2018,28,164.63,4.499,19.979
2018,29,159.955,4.371,19.386
2018,30,154.202,4.214,18.987
2018,31,147.66,4.035,18.49
2018,32,140.475,3.839,17.761
2018,33,132.998,3.635,16.833
2018,34,125.115,3.419,15.705
2018,35,115.967,3.169,14.187
2018,36,105.521,2.884,12.317
2018,37,94.487,2.582,10.084
2018,38,82.962,2.267,7.873
2018,39,70.661,1.931,6.22
2018,40,57.783,1.579,4.875
2018,41,45.49,1.243,3.668
2018,42,34.215,0.935,2.607
2018,43,24.713,0.675,1.756
2018,44,17.171,0.469,1.131
2018,45,11.664,0.319,0.711
2018,46,8.019,0.219,0.453
2018,47,5.403,0.148,0.284
2018,48,3.525,0.096,0.172
2018,49,1.942,0.053,0.087
2019,15,32.713,0.909,6.103
2019,16,62.919,1.748,11.661
2019,17,98.495,2.736,18.038
2019,18,135.621,3.768,24.375
2019,19,162.467,4.514,28.33
2019,20,177.005,4.918,29.533
2019,21,183.649,5.102,29.029
2019,22,183.936,5.11,27.497
2019,23,181.996,5.056,25.7
2019,24,178.87,4.969,24.216
2019,25,175.065,4.864,23.111
2019,26,170.838,4.746,21.97
2019,27,166.806,4.634,20.857
2019,28,162.875,4.525,19.832
2019,29,158.005,4.39,18.888
2019,30,152.035,4.224,18.158
2019,31,145.293,4.037,17.643
2019,32,137.937,3.832,17.047
2019,33,130.322,3.621,16.273
2019,34,122.348,3.399,15.302
2019,35,113.215,3.145,14.05
2019,36,102.892,2.859,12.448
2019,37,92.047,2.557,10.624
2019,38,80.767,2.244,8.52
2019,39,68.777,1.911,6.449
2019,40,56.262,1.563,4.893
2019,41,44.316,1.231,3.695
2019,42,33.355,0.927,2.659
2019,43,24.114,0.67,1.817
2019,44,16.777,0.466,1.18
2019,45,11.417,0.317,0.745
2019,46,7.865,0.219,0.475
2019,47,5.314,0.148,0.298
2019,48,3.48,0.097,0.182
2019,49,1.928,0.054,0.093
2020,15,32.049,0.904,5.95
2020,16,61.73,1.741,11.458
2020,17,96.789,2.73,17.837
2020,18,133.476,3.765,24.289
2020,19,160.077,4.515,28.565
2020,20,174.565,4.924,30.196
2020,21,181.221,5.112,29.968
2020,22,181.554,5.121,28.415
2020,23,179.681,5.068,26.568
2020,24,176.638,4.983,24.644
2020,25,172.925,4.878,23.106
2020,26,168.796,4.761,21.976
2020,27,164.85,4.65,20.895
2020,28,160.991,4.541,19.835
2020,29,156.177,4.405,18.738
2020,30,150.244,4.238,17.702
2020,31,143.506,4.048,16.903
2020,32,136.12,3.84,16.314
2020,33,128.472,3.624,15.683
2020,34,120.469,3.398,14.868
2020,35,111.327,3.14,13.769
2020,36,101.023,2.85,12.402
2020,37,90.232,2.545,10.799
2020,38,79.045,2.23,9.025
2020,39,67.187,1.895,7.008
2020,40,54.841,1.547,5.084
2020,41,43.096,1.216,3.706
2020,42,32.36,0.913,2.669
2020,43,23.337,0.658,1.841
2020,44,16.198,0.457,1.209
2020,45,10.998,0.31,0.767
2020,46,7.568,0.213,0.49
2020,47,5.108,0.144,0.306
2020,48,3.341,0.094,0.186
2020,49,1.846,0.052,0.096
2021,15,31.105,0.891,5.738
2021,16,59.938,1.717,11.092
2021,17,94.267,2.7,17.436
2021,18,130.523,3.739,23.958
2021,19,157.148,4.502,28.467
2021,20,172.064,4.929,30.55
2021,21,179.021,5.128,30.798
2021,22,179.498,5.142,29.505
2021,23,177.648,5.089,27.62
2021,24,174.54,5,25.621
2021,25,170.762,4.892,23.636
2021,26,166.597,4.772,22.072
2021,27,162.676,4.66,20.991
2021,28,158.902,4.552,19.957
2021,29,154.214,4.418,18.824
2021,30,148.426,4.252,17.642
2021,31,141.791,4.062,16.551
2021,32,134.456,3.852,15.693
2021,33,126.825,3.633,15.066
2021,34,118.818,3.404,14.379
2021,35,109.682,3.142,13.421
2021,36,99.4,2.847,12.19
2021,37,88.657,2.54,10.79
2021,38,77.55,2.222,9.199
2021,39,65.815,1.885,7.445
2021,40,53.635,1.536,5.542
2021,41,42.078,1.205,3.863
2021,42,31.541,0.904,2.686
2021,43,22.707,0.65,1.855
2021,44,15.738,0.451,1.23
2021,45,10.671,0.306,0.789
2021,46,7.335,0.21,0.506
2021,47,4.948,0.142,0.317
2021,48,3.239,0.093,0.192
2021,49,1.793,0.051,0.099
2022,15,30.438,0.886,5.674
2022,16,58.736,1.709,10.811
2022,17,92.456,2.69,17.066
2022,18,128.081,3.726,23.618
2022,19,154.232,4.487,28.211
2022,20,168.873,4.913,30.472
2022,21,175.763,5.114,31.073
2022,22,176.356,5.131,30.198
2022,23,174.679,5.082,28.568
2022,24,171.76,4.997,26.56
2022,25,168.156,4.892,24.542
2022,26,164.144,4.776,22.582
2022,27,160.372,4.666,21.112
2022,28,156.744,4.56,20.093
2022,29,152.189,4.428,18.985
2022,30,146.523,4.263,17.761
2022,31,140.006,4.073,16.523
2022,32,132.797,3.864,15.389
2022,33,125.321,3.646,14.518
2022,34,117.489,3.418,13.85
2022,35,108.484,3.156,13.026
2022,36,98.285,2.86,11.93
2022,37,87.615,2.549,10.655
2022,38,76.573,2.228,9.24
2022,39,64.882,1.888,7.628
2022,40,52.734,1.534,5.911
2022,41,41.247,1.2,4.221
2022,42,30.819,0.897,2.801
2022,43,22.1,0.643,1.862
2022,44,15.245,0.444,1.232
2022,45,10.28,0.299,0.794
2022,46,7.032,0.205,0.514
2022,47,4.718,0.137,0.322
2022,48,3.07,0.089,0.194
2022,49,1.687,0.049,0.099
2023,15,29.793,0.88,5.742
2023,16,57.578,1.701,10.714
2023,17,90.715,2.68,16.662
2023,18,125.739,3.714,23.153
2023,19,151.44,4.473,27.847
2023,20,165.824,4.898,30.236
2023,21,172.656,5.1,31.048
2023,22,173.367,5.121,30.537
2023,23,171.858,5.076,29.311
2023,24,169.126,4.996,27.542
2023,25,165.693,4.894,25.505
2023,26,161.831,4.78,23.504
2023,27,158.203,4.673,21.652
2023,28,154.719,4.57,20.258
2023,29,150.293,4.439,19.158
2023,30,144.741,4.275,17.95
2023,31,138.338,4.086,16.667
2023,32,131.248,3.877,15.392
2023,33,123.917,3.66,14.267
2023,34,116.249,3.434,13.377
2023,35,107.368,3.171,12.569
2023,36,97.245,2.872,11.592
2023,37,86.639,2.559,10.438
2023,38,75.657,2.235,9.13
2023,39,64.003,1.891,7.66
2023,40,51.884,1.533,6.049
2023,41,40.461,1.195,4.496
2023,42,30.135,0.89,3.056
2023,43,21.526,0.636,1.938
2023,44,14.779,0.437,1.233
2023,45,9.913,0.293,0.793
2023,46,6.748,0.199,0.516
2023,47,4.503,0.133,0.325
2023,48,2.913,0.086,0.196
2023,49,1.589,0.047,0.099
2024,15,29.171,0.874,5.886
2024,16,56.465,1.692,10.863
2024,17,89.045,2.669,16.535
2024,18,123.496,3.701,22.629
2024,19,148.771,4.459,27.319
2024,20,162.915,4.882,29.867
2024,21,169.698,5.086,30.841
2024,22,170.527,5.111,30.556
2024,23,169.185,5.07,29.686
2024,24,166.636,4.994,28.303
2024,25,163.371,4.896,26.488
2024,26,159.656,4.785,24.461
2024,27,156.171,4.68,22.569
2024,28,152.824,4.58,20.807
2024,29,148.523,4.451,19.34
2024,30,143.082,4.288,18.136
2024,31,136.787,4.099,16.865
2024,32,129.808,3.89,15.545
2024,33,122.614,3.675,14.29
2024,34,115.101,3.449,13.166
2024,35,106.334,3.187,12.153
2024,36,96.279,2.885,11.192
2024,37,85.731,2.569,10.146
2024,38,74.8,2.242,8.944
2024,39,63.179,1.893,7.565
2024,40,51.082,1.531,6.065
2024,41,39.719,1.19,4.593
2024,42,29.489,0.884,3.249
2024,43,20.985,0.629,2.109
2024,44,14.341,0.43,1.279
2024,45,9.568,0.287,0.791
2024,46,6.482,0.194,0.513
2024,47,4.302,0.129,0.325
2024,48,2.767,0.083,0.198
2024,49,1.498,0.045,0.1
2025,15,28.474,0.868,5.99
2025,16,55.207,1.683,11.121
2025,17,87.147,2.657,16.732
2025,18,120.939,3.687,22.404
2025,19,145.727,4.443,26.631
2025,20,159.602,4.866,29.221
2025,21,166.321,5.071,30.392
2025,22,167.264,5.1,30.292
2025,23,166.093,5.064,29.649
2025,24,163.731,4.992,28.613
2025,25,160.641,4.898,27.168
2025,26,157.083,4.789,25.352
2025,27,153.748,4.688,23.442
2025,28,150.547,4.59,21.646
2025,29,146.381,4.463,19.823
2025,30,141.064,4.301,18.267
2025,31,134.891,4.113,16.999
2025,32,128.04,3.904,15.693
2025,33,120.998,3.689,14.401
2025,34,113.655,3.465,13.161
2025,35,105.024,3.202,11.933
2025,36,95.063,2.898,10.79
2025,37,84.601,2.579,9.765
2025,38,73.752,2.249,8.664
2025,39,62.197,1.896,7.381
2025,40,50.159,1.529,5.959
2025,41,38.888,1.186,4.58
2025,42,28.782,0.878,3.3
2025,43,20.404,0.622,2.228
2025,44,13.88,0.423,1.383
2025,45,9.213,0.281,0.814
2025,46,6.211,0.189,0.508
2025,47,4.101,0.125,0.321
2025,48,2.621,0.08,0.196
2025,49,1.409,0.043,0.1
2026,15,27.993,0.862,6.068
2026,16,54.366,1.674,11.419
2026,17,85.909,2.645,17.273
2026,18,119.297,3.673,22.852
2026,19,143.79,4.427,26.567
2026,20,157.506,4.849,28.698
2026,21,164.215,5.056,29.968
2026,22,165.281,5.089,30.097
2026,23,164.269,5.058,29.638
2026,24,162.076,4.99,28.817
2026,25,159.138,4.9,27.693
2026,26,155.71,4.794,26.217
2026,27,152.5,4.695,24.496
2026,28,149.42,4.601,22.669
2026,29,145.356,4.475,20.791
2026,30,140.123,4.314,18.872
2026,31,134.024,4.127,17.257
2026,32,127.247,3.918,15.942
2026,33,120.302,3.704,14.655
2026,34,113.07,3.481,13.373
2026,35,104.507,3.218,12.022
2026,36,94.565,2.912,10.672
2026,37,84.111,2.59,9.48
2026,38,73.263,2.256,8.395
2026,39,61.689,1.899,7.193
2026,40,49.623,1.528,5.843
2026,41,38.362,1.181,4.521
2026,42,28.305,0.871,3.306
2026,43,19.99,0.615,2.272
2026,44,13.537,0.417,1.465
2026,45,8.939,0.275,0.882
2026,46,5.998,0.185,0.525
2026,47,3.939,0.121,0.319
2026,48,2.504,0.077,0.194
2026,49,1.337,0.041,0.099
2027,15,27.401,0.855,6.062
2027,16,53.311,1.664,11.537
2027,17,84.333,2.633,17.679
2027,18,117.188,3.658,23.508
2027,19,141.293,4.411,26.995
2027,20,154.801,4.832,28.517
2027,21,161.477,5.041,29.328
2027,22,162.662,5.078,29.583
2027,23,161.812,5.051,29.357
2027,24,159.797,4.988,28.719
2027,25,157.022,4.902,27.803
2027,26,153.739,4.799,26.637
2027,27,150.666,4.703,25.25
2027,28,147.718,4.611,23.613
2027,29,143.771,4.488,21.701
2027,30,138.642,4.328,19.725
2027,31,132.642,4.141,17.766
2027,32,125.964,3.932,16.127
2027,33,119.14,3.719,14.838
2027,34,112.045,3.498,13.565
2027,35,103.581,3.233,12.172
2027,36,93.697,2.925,10.707
2027,37,83.292,2.6,9.334
2027,38,72.489,2.263,8.111
2027,39,60.944,1.902,6.931
2027,40,48.901,1.526,5.658
2027,41,37.696,1.177,4.404
2027,42,27.728,0.866,3.241
2027,43,19.511,0.609,2.26
2027,44,13.153,0.411,1.482
2027,45,8.641,0.27,0.927
2027,46,5.771,0.18,0.564
2027,47,3.771,0.118,0.327
2027,48,2.383,0.074,0.191
2027,49,1.263,0.039,0.097
2028,15,26.812,0.849,5.996
2028,16,52.261,1.654,11.543
2028,17,82.765,2.619,17.878
2028,18,115.09,3.643,24.073
2028,19,138.813,4.393,27.776
2028,20,152.12,4.814,28.98
2028,21,158.766,5.025,29.156
2028,22,160.07,5.066,28.973
2028,23,159.383,5.044,28.881
2028,24,157.543,4.986,28.472
2028,25,154.93,4.903,27.73
2028,26,151.791,4.804,26.762
2028,27,148.855,4.711,25.674
2028,28,146.038,4.622,24.359
2028,29,142.209,4.501,22.62
2028,30,137.182,4.342,20.599
2028,31,131.278,4.155,18.577
2028,32,124.698,3.947,16.608
2028,33,117.992,3.734,15.018
2028,34,111.029,3.514,13.744
2028,35,102.663,3.249,12.35
2028,36,92.836,2.938,10.837
2028,37,82.48,2.61,9.36
2028,38,71.723,2.27,7.981
2028,39,60.208,1.906,6.688
2028,40,48.19,1.525,5.439
2028,41,37.044,1.172,4.253
2028,42,27.166,0.86,3.148
2028,43,19.045,0.603,2.208
2028,44,12.783,0.405,1.468
2028,45,8.355,0.264,0.933
2028,46,5.555,0.176,0.59
2028,47,3.61,0.114,0.349
2028,48,2.268,0.072,0.194
2028,49,1.194,0.038,0.095
2029,15,26.22,0.842,5.87
2029,16,51.203,1.644,11.433
2029,17,81.184,2.606,17.898
2029,18,112.976,3.626,24.351
2029,19,136.315,4.375,28.443
2029,20,149.424,4.796,29.816
2029,21,156.042,5.009,29.636
2029,22,157.463,5.054,28.819
2029,23,156.937,5.037,28.304
2029,24,155.272,4.984,28.029
2029,25,152.822,4.905,27.508
2029,26,149.828,4.809,26.704
2029,27,147.028,4.719,25.807
2029,28,144.342,4.633,24.78
2029,29,140.629,4.514,23.343
2029,30,135.705,4.356,21.476
2029,31,129.898,4.169,19.403
2029,32,123.415,3.961,17.369
2029,33,116.825,3.75,15.471
2029,34,109.994,3.531,13.916
2029,35,101.725,3.265,12.514
2029,36,91.957,2.952,10.991
2029,37,81.653,2.621,9.468
2029,38,70.945,2.277,7.995
2029,39,59.465,1.909,6.569
2029,40,47.479,1.524,5.234
2029,41,36.396,1.168,4.076
2029,42,26.611,0.854,3.031
2029,43,18.588,0.597,2.136
2029,44,12.421,0.399,1.428
2029,45,8.079,0.259,0.919
2029,46,5.346,0.172,0.591
2029,47,3.457,0.111,0.364
2029,48,2.16,0.069,0.207
2029,49,1.13,0.036,0.096
2030,15,25.685,0.834,5.698
2030,16,50.257,1.633,11.234
2030,17,79.782,2.592,17.782
2030,18,111.109,3.609,24.443
2030,19,134.119,4.357,28.838
2030,20,147.063,4.777,30.601
2030,21,153.669,4.992,30.57
2030,22,155.211,5.042,29.381
2030,23,154.843,5.03,28.239
2030,24,153.348,4.982,27.552
2030,25,151.054,4.907,27.159
2030,26,148.199,4.814,26.564
2030,27,145.53,4.728,25.824
2030,28,142.967,4.644,24.979
2030,29,139.362,4.527,23.812
2030,30,134.53,4.37,22.22
2030,31,128.807,4.184,20.28
2030,32,122.406,3.976,18.186
2030,33,115.916,3.766,16.222
2030,34,109.197,3.547,14.376
2030,35,101.006,3.281,12.701
2030,36,91.277,2.965,11.157
2030,37,81.002,2.631,9.617
2030,38,70.321,2.284,8.098
2030,39,58.854,1.912,6.585
2030,40,46.878,1.523,5.14
2030,41,35.836,1.164,3.92
2030,42,26.124,0.849,2.903
2030,43,18.183,0.591,2.054
2030,44,12.098,0.393,1.379
2030,45,7.83,0.254,0.892
2030,46,5.158,0.168,0.582
2030,47,3.318,0.108,0.364
2030,48,2.061,0.067,0.215
2030,49,1.071,0.035,0.102